Sample	SV1	SV2	SV3	SV4	SV5	SV6	e.1	e.2	e.3	e.5	e.6	e.8	e.13	e.17	e.18	e.20	e.26	hrd	isQuiescentGenomeControl	isUsedForEvaluation	del.mh.prop	del.rep.prop	del.none.prop
PD10010a	10	12	1	8	20	57	544	102	530	820	0	273	161	0	0	0	0	11.0	True	True	0.16	0.54	0.3
PD10011a	107	11	9	0	15	1	814	0	1482	3734	0	905	434	903	0	0	0	14.0	False	False	0.182926829268293	0.530487804878049	0.286585365853659
PD10014a	46	52	62	0	56	6	399	0	3467	3410	0	4324	525	0	0	0	0	24.0	False	True	0.302325581395349	0.47568710359408	0.221987315010571
PD11326a	26	79	182	4	57	11	389	250	3446	1547	0	3105	891	0	0	0	0	31.0	False	False	0.378446115288221	0.421052631578947	0.200501253132832
PD11327a	11	67	52	20	49	76	265	0	5400	938	0	5244	868	0	0	0	0	4.0	False	True	0.191836734693878	0.579591836734694	0.228571428571429
PD11336a	8	1	1	13	2	50	1335	633	1542	1158	0	0	0	422	495	0	0	1.0	True	True	0.166666666666667	0.588888888888889	0.244444444444444
PD11337a	5	29	2	26	5	11	747	265	0	768	0	792	299	0	202	0	0	8.0	True	True	0.191304347826087	0.617391304347826	0.191304347826087
PD11338a	0	1	0	0	0	0	754	60	0	1144	0	342	0	0	0	0	0	3.0	True	True	0.17741935483871	0.564516129032258	0.258064516129032
PD11339a	1	17	0	23	4	17	1114	68	0	1277	0	0	70	0	0	0	0	4.0	True	True	0.151898734177215	0.518987341772152	0.329113924050633
PD11340a	8	71	8	99	109	54	979	520	0	2211	0	694	267	0	393	0	0	18.0	True	True	0.271698113207547	0.592452830188679	0.135849056603774
PD11341a	0	31	1	0	7	1	518	266	0	385	0	391	92	0	0	0	0	12.0	True	True	0.116279069767442	0.581395348837209	0.302325581395349
PD11342a	3	4	0	5	0	5	701	853	0	1422	0	0	329	0	0	0	0	5.0	True	True	0.142857142857143	0.591836734693878	0.26530612244898
PD11343a	3	40	1	50	9	19	793	157	0	1094	0	757	143	0	0	0	0	12.0	True	True	0.1875	0.5625	0.25
PD11344a	2	20	1	70	3	68	452	4740	0	0	0	0	5836	0	0	0	0	8.0	True	True	0.214285714285714	0.542857142857143	0.242857142857143
PD11345a	26	123	5	65	21	210	794	4121	0	1522	0	996	2258	0	660	0	0	8.0	True	True	0.193548387096774	0.576036866359447	0.230414746543779
PD11346a	11	56	5	153	6	240	610	474	0	957	0	0	251	0	0	0	0	2.0	True	True	0.234042553191489	0.425531914893617	0.340425531914894
PD11347a	0	17	1	41	10	77	517	386	0	994	0	0	134	0	0	0	0	12.0	True	True	0.329411764705882	0.517647058823529	0.152941176470588
PD11348a	7	14	3	41	6	59	1744	176	0	1487	0	997	172	0	434	0	0	6.0	True	True	0.142857142857143	0.603896103896104	0.253246753246753
PD11349a	12	120	9	86	57	167	1069	1106	0	2741	0	1594	939	0	0	0	0	9.0	True	True	0.304195804195804	0.465034965034965	0.230769230769231
PD11352a	1	1	0	0	0	0	835	473	0	1278	0	0	0	0	0	0	0	2.0	False	True	0.182608695652174	0.573913043478261	0.243478260869565
PD11355a	0	36	0	0	5	2	430	66	0	679	0	382	0	0	281	0	0	6.0	True	True	0.163461538461538	0.586538461538462	0.25
PD11357a	0	7	0	1	2	8	1256	94	0	1530	0	499	0	0	0	0	0	1.0	True	True	0.162055335968379	0.660079051383399	0.177865612648221
PD11358a	0	0	0	0	0	0	929	1630	0	1768	0	0	0	0	0	0	0	1.0	False	False	0.141304347826087	0.614130434782609	0.244565217391304
PD11359a	0	1	0	0	0	0	797	158	0	1155	0	474	82	0	0	0	0	1.0	True	True	0.254901960784314	0.503267973856209	0.241830065359477
PD11360a	4	15	2	35	6	25	1055	146	0	1284	0	631	0	0	0	0	0	8.0	True	True	0.151515151515152	0.659090909090909	0.189393939393939
PD11361a	0	5	0	0	0	0	766	113	0	467	0	377	0	0	0	0	0	3.0	True	True	0.151515151515152	0.636363636363636	0.212121212121212
PD11364a	3	9	0	8	2	1	738	85	0	1012	0	384	120	0	0	0	0	8.0	True	True	0.228070175438596	0.517543859649123	0.254385964912281
PD11365a	15	6	0	0	6	1	0	0	0	1131	0	0	0	0	0	0	12521	6.0	False	True	0.0835579514824798	0.797843665768194	0.118598382749326
PD11366a	1	29	0	0	1	1	823	228	0	1763	0	0	0	0	191	0	0	4.0	True	True	0.141025641025641	0.66025641025641	0.198717948717949
PD11367a	3	42	1	40	4	14	1136	167	2518	2135	0	1972	236	0	0	0	0	5.0	True	True	0.142307692307692	0.565384615384615	0.292307692307692
PD11368a	37	53	1	59	22	161	1416	1798	0	1740	0	1395	479	0	0	0	0	13.0	True	True	0.203947368421053	0.585526315789474	0.210526315789474
PD11369a	2	38	3	89	17	159	1868	887	0	1651	0	1182	546	0	0	0	0	7.0	True	True	0.1484375	0.53125	0.3203125
PD11370a	0	3	0	0	0	0	302	0	0	828	0	122	27	0	0	0	0		False	False	0.166666666666667	0.513888888888889	0.319444444444444
PD11372a	0	5	0	36	6	10	2011	0	0	0	0	0	11782	0	0	0	0	6.0	False	False	0.167785234899329	0.570469798657718	0.261744966442953
PD11374a	5	24	1	17	7	15	720	72	0	1212	0	288	91	0	0	0	0	19.0	True	True	0.130434782608696	0.521739130434783	0.347826086956522
PD11375a	0	5	0	0	1	0	811	68	0	565	0	490	0	0	0	0	0	2.0	True	True	0.242424242424242	0.5	0.257575757575758
PD11376a	0	8	3	9	2	42	1124	196	0	1528	0	0	0	0	304	0	0	5.0	True	True	0.24031007751938	0.62015503875969	0.13953488372093
PD11379a	39	32	1	9	19	15	0	6710	0	1660	0	2118	8894	0	0	0	0	22.0	False	True	0.233050847457627	0.525423728813559	0.241525423728814
PD11380a	1	5	1	2	5	17	837	289	0	1594	0	0	0	0	0	0	0	1.0	True	True	0.178378378378378	0.621621621621622	0.2
PD11381a	0	15	1	11	2	1	456	129	0	1512	0	0	0	0	0	0	0	1.0	True	True	0.163934426229508	0.614754098360656	0.221311475409836
PD11383a	0	4	0	0	0	0	605	64	0	1277	0	572	61	0	0	0	0	0.0	True	True	0.285714285714286	0.548872180451128	0.165413533834586
PD11384a	0	4	1	0	0	0	526	159	0	930	0	0	110	0	0	0	0	3.0	True	True	0.309859154929577	0.605633802816901	0.0845070422535211
PD11385a	3	15	1	29	1	27	548	97	0	913	0	329	0	0	0	0	0	9.0	True	True	0.171717171717172	0.575757575757576	0.252525252525253
PD11386a	0	14	1	0	0	0	947	653	0	1604	0	0	178	0	0	0	0	4.0	True	True	0.252336448598131	0.588785046728972	0.158878504672897
PD11388a	1	11	4	44	5	91	1495	267	0	1623	0	1339	265	0	0	0	0	5.0	True	True	0.17741935483871	0.685483870967742	0.137096774193548
PD11389a	1	0	0	0	0	0	402	30	0	1000	0	245	0	0	0	0	0	2.0	False	True	0.137614678899083	0.623853211009174	0.238532110091743
PD11391a	1	0	0	0	1	0	219	41	0	865	0	149	0	0	0	0	0	0.0	False	True	0.28125	0.453125	0.265625
PD11393a	4	36	3	21	2	91	1536	114	0	987	0	1001	124	0	907	0	0	2.0	True	True	0.134328358208955	0.723880597014925	0.141791044776119
PD11394a	0	1	0	17	1	6	1641	84	0	0	0	484	0	0	0	0	0	4.0	True	True	0.125	0.6484375	0.2265625
PD11395a	0	4	0	3	1	16	963	176	0	1398	0	757	0	264	234	0	0	5.0	True	True	0.161904761904762	0.671428571428571	0.166666666666667
PD11396a	1	26	1	10	3	5	648	101	0	1088	0	543	55	0	0	0	0	8.0	True	True	0.300813008130081	0.471544715447154	0.227642276422764
PD11397a	4	38	3	21	9	25	1269	305	0	1409	0	985	316	0	543	0	0	9.0	True	True	0.147058823529412	0.610294117647059	0.242647058823529
PD11398a	4	8	0	26	2	4	748	56	0	767	0	684	92	0	0	0	0	13.0	True	True	0.185567010309278	0.597938144329897	0.216494845360825
PD11399a	0	1	1	74	4	46	1313	311	0	1439	0	0	95	0	338	0	0	4.0	True	True	0.173469387755102	0.642857142857143	0.183673469387755
PD11402a	0	8	0	6	0	17	836	166	0	1634	0	0	0	0	0	0	0	4.0	True	True	0.169354838709677	0.612903225806452	0.217741935483871
PD11462a	5	15	2	15	9	102	980	99	0	1006	0	635	119	0	0	0	0	6.0	True	True	0.233333333333333	0.5	0.266666666666667
PD11464a	26	10	4	86	0	28	882	1432	0	0	0	0	2183	0	0	0	0	1.0	False	False	0.16304347826087	0.467391304347826	0.369565217391304
PD11465a	55	20	3	36	21	73	2163	5334	0	3605	0	3327	8122	0	0	0	0	5.0	True	True	0.0992217898832685	0.675097276264591	0.22568093385214
PD11740a	2	13	0	0	0	0	670	88	0	1166	0	410	0	0	0	0	0	3.0	True	True	0.2	0.55	0.25
PD11741a	3	6	0	11	2	12	583	142	0	0	0	807	140	0	304	0	0	8.0	True	True	0.152542372881356	0.627118644067797	0.220338983050847
PD11742a	57	117	86	6	54	15	475	478	2159	1287	0	1650	956	0	0	0	0	23.0	False	True	0.47255369928401	0.381861575178998	0.145584725536993
PD11743a	23	20	3	9	9	19	698	147	928	1057	0	479	0	0	0	0	0	7.0	False	True	0.142857142857143	0.571428571428571	0.285714285714286
PD11744a	0	1	0	0	0	0	545	0	0	1017	0	320	0	0	0	0	0	3.0	True	True	0.173333333333333	0.546666666666667	0.28
PD11745a	4	34	2	18	9	87	518	257	0	828	0	953	205	0	257	0	0	9.0	True	True	0.188888888888889	0.533333333333333	0.277777777777778
PD11748a	43	62	232	0	61	3	912	0	5805	1494	0	2934	616	0	0	0	0	32.0	False	True	0.267217630853994	0.473829201101928	0.258953168044077
PD11750a	24	27	127	4	32	5	416	0	5650	962	0	0	3050	0	0	0	0	11.0	False	True	0.178571428571429	0.520408163265306	0.301020408163265
PD11751a	40	82	238	3	137	13	1121	0	9079	2886	0	1178	2203	181	0	0	0	35.0	False	True	0.475467289719626	0.328271028037383	0.196261682242991
PD11752a	4	55	0	25	44	117	2511	0	0	2784	0	1329	260	0	752	0	0	9.0	True	True	0.122605363984674	0.75095785440613	0.126436781609195
PD11753a	0	5	0	0	4	0	1154	355	2182	2733	0	0	0	434	0	0	0	3.0	False	True	0.1699604743083	0.604743083003953	0.225296442687747
PD11755a	8	29	77	0	15	2	292	0	1292	743	0	265	184	0	0	0	0	27.0	False	True	0.21	0.57	0.22
PD11756a	0	7	0	4	0	6	619	254	0	627	0	271	0	0	0	0	0	3.0	True	True	0.178082191780822	0.575342465753425	0.246575342465753
PD11757a	11	14	56	0	12	1	151	0	1001	0	0	283	517	0	0	0	0	1.0	False	True	0.208333333333333	0.583333333333333	0.208333333333333
PD11760a	2	20	1	33	6	13	1523	151	0	1340	0	0	0	0	1077	0	0	8.0	True	True	0.213235294117647	0.588235294117647	0.198529411764706
PD11761a	3	10	2	18	4	33	356	282	0	1585	0	414	70	0	0	0	0	8.0	True	True	0.25	0.488095238095238	0.261904761904762
PD11762a	1	12	0	0	2	1	423	186	0	784	0	300	41	0	0	0	0	5.0	True	True	0.210526315789474	0.491228070175439	0.298245614035088
PD11765a	17	18	4	0	3	1	375	95	0	1219	0	243	70	0	0	0	0	5.0	False	True	0.196078431372549	0.607843137254902	0.196078431372549
PD11766a	0	26	0	35	3	17	318	136	0	914	0	185	142	0	0	0	0	12.0	True	True	0.191489361702128	0.574468085106383	0.234042553191489
PD11767a	0	3	0	0	2	0	210	18	0	439	0	202	0	0	0	0	0	4.0	False	True	0.0714285714285714	0.75	0.178571428571429
PD11769a	1	6	1	10	2	34	673	109	0	650	0	244	46	0	0	0	0	8.0	True	True	0.24	0.6	0.16
PD11816a	2	22	0	14	10	9	535	535	0	1639	0	605	697	0	0	0	0	4.0	True	True	0.146853146853147	0.636363636363636	0.216783216783217
PD11818a	11	45	2	152	0	91	427	49	0	848	0	220	61	0	0	0	0	4.0	False	False	0.133333333333333	0.7	0.166666666666667
PD11819a	0	0	0	0	1	0	475	0	0	903	0	264	44	0	0	0	0	0.0	False	False	0.267605633802817	0.549295774647887	0.183098591549296
PD13162a	15	44	3	20	8	46	1160	820	0	0	0	0	3424	0	0	0	0	14.0	False	False	0.248062015503876	0.48062015503876	0.271317829457364
PD13163a	6	53	2	24	12	75	900	776	0	1995	0	863	819	0	0	0	0	14.0	False	False	0.15929203539823	0.619469026548673	0.221238938053097
PD13164a	2	12	2	8	3	58	673	158	0	1130	0	436	154	0	171	0	0	8.0	True	True	0.207207207207207	0.504504504504504	0.288288288288288
PD13165a	124	80	4	21	28	67	1162	1560	0	0	0	1905	656	0	1058	0	0	13.0	False	True	0.274111675126904	0.461928934010152	0.263959390862944
PD13166a	7	58	6	59	4	39	591	186	0	1005	0	0	318	0	231	0	0	8.0	True	True	0.155844155844156	0.662337662337662	0.181818181818182
PD13167a	5	83	4	60	1	89	857	148	587	656	0	0	157	0	0	0	0	6.0	True	True	0.273809523809524	0.488095238095238	0.238095238095238
PD13168a	1	18	2	55	4	97	930	435	0	788	0	0	135	0	240	0	0	8.0	True	True	0.235294117647059	0.450980392156863	0.313725490196078
PD13296a	6	107	1000	1	89	18	1384	0	9417	1752	0	3315	2205	509	0	0	0	40.0	False	True	0.48206599713056	0.294117647058824	0.223816355810617
PD13297a	61	68	122	0	63	7	886	0	5916	0	0	0	725	0	0	0	0	24.0	False	True	0.431761786600496	0.316377171215881	0.251861042183623
PD13298a	11	43	3	127	22	27	1416	244	1815	2394	0	1290	725	0	483	0	0	26.0	False	False	0.191919191919192	0.609427609427609	0.198653198653199
PD13299a	14	41	125	2	87	8	425	1034	3460	1087	0	740	3989	0	0	0	0	20.0	False	True	0.560606060606061	0.23989898989899	0.19949494949495
PD13302a	5	15	2	128	6	111	1404	317	0	2102	0	1073	0	0	0	0	0	4.0	True	True	0.157894736842105	0.668421052631579	0.173684210526316
PD13304a	0	0	0	0	0	0	701	55	0	429	0	332	0	0	0	0	0	13.0	False	False	0.116504854368932	0.699029126213592	0.184466019417476
PD13306a	0	18	0	0	0	0	557	371	0	765	0	333	0	0	0	0	0	1.0	True	True	0.194029850746269	0.552238805970149	0.253731343283582
PD13307a	5	29	1	6	1	36	1426	2726	0	0	0	0	1201	0	0	0	0	6.0	True	True	0.186567164179104	0.574626865671642	0.238805970149254
PD13310a	1	0	0	0	0	0	718	61	0	826	0	226	0	0	0	0	0	3.0	False	True	0.121212121212121	0.666666666666667	0.212121212121212
PD13311a	12	22	87	0	22	2	256	0	2257	917	0	857	223	0	0	0	0	7.0	False	True	0.242424242424242	0.621212121212121	0.136363636363636
PD13312a	9	5	1	0	5	1	475	37	0	1256	0	217	49	0	0	0	0	3.0	False	True	0.222222222222222	0.529411764705882	0.248366013071895
PD13416a	0	0	0	0	0	0	611	81	0	930	0	317	0	0	0	0	0	2.0	False	False	0.175	0.65	0.175
PD13418a	0	37	1	0	9	2	2040	1715	0	0	0	0	3053	0	0	0	0	14.0	False	False	0.197115384615385	0.596153846153846	0.206730769230769
PD13419a	0	3	0	3	0	19	327	85	0	571	0	109	0	0	0	0	0	4.0	True	True	0.26	0.44	0.3
PD13420a	0	5	0	5	0	6	590	37	0	954	0	235	46	0	0	0	0	3.0	True	True	0.116883116883117	0.584415584415584	0.298701298701299
PD13422a	2	6	0	0	2	0	586	109	0	642	0	297	0	0	171	0	0	5.0	True	True	0.233009708737864	0.611650485436893	0.155339805825243
PD13424a	8	12	8	91	8	89	1394	165	0	945	0	1223	227	0	0	0	0	1.0	True	True	0.158730158730159	0.642857142857143	0.198412698412698
PD13425a	22	139	11	217	49	179	1238	5637	3946	2767	0	1455	17864	0	1595	0	0	13.0	True	True	0.22271714922049	0.503340757238307	0.273942093541203
PD13426a	0	0	0	0	0	0	875	191	0	1633	0	0	0	0	0	0	0	1.0	False	False	0.194915254237288	0.550847457627119	0.254237288135593
PD13427a	0	2	0	0	0	0	324	0	0	610	0	170	30	0	0	0	0	2.0	True	True	0.101694915254237	0.677966101694915	0.220338983050847
PD13428a	4	17	0	3	5	20	785	146	0	2369	0	0	122	0	0	0	0	6.0	True	True	0.219858156028369	0.588652482269504	0.191489361702128
PD13602a	17	79	14	22	59	40	1204	156	1958	1814	0	0	246	0	536	0	0	8.0	False	False	0.322981366459627	0.574534161490683	0.102484472049689
PD13603a	6	60	5	85	8	144	799	310	0	1292	0	0	347	0	316	0	0	10.0	True	True	0.188679245283019	0.60377358490566	0.207547169811321
PD13604a	1	6	3	13	36	90	0	42713	0	0	0	2316	44752	0	3321	0	0	2.0	False	False	0.14540059347181	0.510385756676558	0.344213649851632
PD13605a	4	41	1	40	5	72	311	19	0	533	0	309	66	0	0	0	0	6.0	True	True	0.256756756756757	0.486486486486487	0.256756756756757
PD13606a	6	47	3	92	11	177	1557	268	0	1681	0	1540	201	0	646	0	0	10.0	True	True	0.264331210191083	0.592356687898089	0.143312101910828
PD13607a	5	21	0	4	5	5	864	266	0	1177	0	684	297	0	0	0	0	5.0	True	True	0.193798449612403	0.596899224806202	0.209302325581395
PD13608a	5	26	3	93	5	42	1339	1096	0	0	0	0	1672	0	0	0	0	13.0	True	True	0.128712871287129	0.653465346534653	0.217821782178218
PD13609a	14	179	2	182	10	91	0	1813	0	0	0	0	2893	0	0	0	0	20.0	True	True	0.205128205128205	0.448717948717949	0.346153846153846
PD13618a	0	0	0	0	0	0	503	242	0	1016	0	0	72	0	0	0	0	8.0	False	False	0.152542372881356	0.677966101694915	0.169491525423729
PD13619a	0	2	0	0	0	0	684	102	0	1326	0	0	0	0	0	0	0	7.0	True	True	0.16504854368932	0.592233009708738	0.242718446601942
PD13620a	8	106	0	14	17	10	1455	166	0	1488	0	1269	220	0	0	0	0	12.0	True	True	0.403225806451613	0.470046082949309	0.126728110599078
PD13622a	32	50	2	45	42	85	1315	113	0	1087	0	1129	0	0	711	0	0	17.0	True	True	0.22463768115942	0.623188405797101	0.152173913043478
PD13623a	0	4	1	0	5	0	997	2303	0	0	0	0	500	0	0	0	0	6.0	False	True	0.155963302752294	0.678899082568807	0.165137614678899
PD13625a	20	67	5	48	24	79	1785	517	0	1404	0	4407	379	2747	0	0	0	12.0	True	True	0.178423236514523	0.713692946058091	0.107883817427386
PD13626a	5	14	0	9	1	9	361	25	0	494	0	156	40	0	0	0	0	2.0	True	True	0.178571428571429	0.660714285714286	0.160714285714286
PD13627a	8	42	67	0	61	6	581	0	5802	1378	0	0	681	0	0	0	0	24.0	False	True	0.436681222707424	0.344978165938865	0.218340611353712
PD13629a	0	2	0	0	0	0	633	441	0	955	0	0	0	0	0	0	0	6.0	True	True	0.240506329113924	0.556962025316456	0.20253164556962
PD13630a	1	44	3	7	5	25	724	664	0	1024	0	898	797	0	0	0	0	23.0	True	True	0.154320987654321	0.549382716049383	0.296296296296296
PD13631a	0	4	0	7	2	6	479	189	0	1246	0	391	105	0	193	0	0	9.0	True	True	0.168831168831169	0.506493506493506	0.324675324675325
PD13752a	9	26	1	5	10	8	608	152	0	1310	0	469	0	119	151	0	0	6.0	True	True	0.304347826086957	0.471014492753623	0.22463768115942
PD13753a	2	5	0	0	3	0	0	3150	0	0	0	0	4845	0	0	0	0	7.0	False	True	0.163934426229508	0.622950819672131	0.213114754098361
PD13754a	0	13	1	0	5	1	650	0	0	1361	0	382	113	0	0	0	0	19.0	True	True	0.117647058823529	0.632352941176471	0.25
PD13755a	0	0	0	0	1	0	550	90	0	1296	0	0	0	0	0	0	0	2.0	False	True	0.182926829268293	0.48780487804878	0.329268292682927
PD13756a	0	0	0	0	0	0	502	41	0	1099	0	398	43	0	0	0	0	2.0	False	False	0.252252252252252	0.54954954954955	0.198198198198198
PD13757a	2	7	0	2	1	12	408	404	0	484	0	0	191	0	0	0	0	5.0	True	True	0.136363636363636	0.681818181818182	0.181818181818182
PD13758a	0	7	0	10	2	6	428	86	0	1603	0	182	0	0	0	0	0	10.0	True	True	0.138888888888889	0.601851851851852	0.259259259259259
PD13760a	0	0	0	1	0	8	494	187	1179	788	0	1357	629	0	0	0	0		False	False	0.142857142857143	0.65546218487395	0.201680672268908
PD13761a	0	0	1	0	0	0	299	89	0	1097	0	203	0	0	0	0	0	5.0	False	True	0.180851063829787	0.553191489361702	0.265957446808511
PD13762a	0	0	1	0	0	0	486	62	0	816	0	289	0	0	0	0	0	4.0	False	True	0.232876712328767	0.63013698630137	0.136986301369863
PD13763a	0	10	1	7	4	46	872	165	0	855	0	671	0	0	0	0	0	12.0	True	True	0.151515151515152	0.636363636363636	0.212121212121212
PD13764a	18	216	9	511	16	219	775	279	0	1896	0	1409	471	0	0	0	0	3.0	True	True	0.19672131147541	0.622950819672131	0.180327868852459
PD13765a	3	25	2	16	34	29	1303	234	0	1616	0	0	127	0	2199	0	0	8.0	False	True	0.183760683760684	0.645299145299145	0.170940170940171
PD13766a	0	57	2	0	6	2	636	2215	0	0	0	0	986	0	0	0	0	15.0	True	True	0.183098591549296	0.591549295774648	0.225352112676056
PD13767a	0	7	1	14	2	1	655	341	0	1368	0	0	61	0	213	0	0	4.0	True	True	0.192307692307692	0.607692307692308	0.2
PD13768a	0	1	0	0	0	0	512	45	0	795	0	0	0	0	0	0	0	1.0	True	True	0.126436781609195	0.655172413793103	0.218390804597701
PD13770a	5	5	0	12	4	8	608	136	0	708	0	380	0	0	247	0	0	11.0	True	True	0.0746268656716418	0.701492537313433	0.223880597014925
PD13771a	50	50	10	14	128	28	478	723	5582	2468	0	2570	1268	0	0	0	0	16.0	False	True	0.420965058236273	0.396006655574043	0.183028286189684
PD14432a	0	13	0	0	0	0	469	91	0	1072	0	238	0	0	0	0	0	4.0	True	True	0.14018691588785	0.635514018691589	0.224299065420561
PD14433a	0	0	0	7	0	47	1227	1906	0	0	0	0	449	0	0	0	0	4.0	True	True	0.184873949579832	0.621848739495798	0.19327731092437
PD14435a	27	63	2	43	6	59	1154	245	0	1373	0	696	248	0	0	0	0	7.0	True	True	0.143712574850299	0.640718562874252	0.215568862275449
PD14437a	32	129	0	21	9	26	953	163	0	1540	0	1353	354	0	0	0	0	13.0	True	True	0.194805194805195	0.649350649350649	0.155844155844156
PD14439a	0	5	0	0	0	0	443	86	0	637	0	0	0	0	150	0	0	1.0	True	True	0.158536585365854	0.646341463414634	0.195121951219512
PD14441a	0	2	0	20	1	8	466	146	1227	1292	0	1316	215	0	0	0	0	2.0	True	True	0.0896551724137931	0.627586206896552	0.282758620689655
PD14442a	0	1	0	0	1	0	410	70	0	878	0	388	0	0	0	0	0	6.0	False	False	0.295081967213115	0.540983606557377	0.163934426229508
PD14450a	0	4	1	23	0	18	278	50	0	783	0	152	35	0	0	0	0	7.0	True	True	0.166666666666667	0.574074074074074	0.259259259259259
PD14453a	43	125	7	46	25	72	1030	2619	0	3249	0	0	3018	0	0	0	0	19.0	True	True	0.119601328903654	0.790697674418605	0.0897009966777409
PD14454a	9	14	1	18	6	82	588	146	0	843	0	734	199	0	0	0	0	13.0	True	True	0.265625	0.53125	0.203125
PD14456a	0	1	0	11	0	15	797	0	0	768	0	267	0	0	145	0	0	2.0	True	True	0.112676056338028	0.633802816901408	0.253521126760563
PD14457a	9	54	4	75	6	35	1091	394	0	2129	0	0	0	0	953	0	0	12.0	True	True	0.210144927536232	0.550724637681159	0.239130434782609
PD14458a	0	0	0	0	0	0	564	70	0	635	0	244	0	0	0	0	0	2.0	False	False	0.27027027027027	0.554054054054054	0.175675675675676
PD14459a	0	8	0	8	1	13	673	137	0	844	0	0	0	0	432	0	0	12.0	True	True	0.142857142857143	0.653061224489796	0.204081632653061
PD14460a	0	8	1	22	2	24	1112	2334	0	0	0	0	1078	0	0	0	0	7.0	True	True	0.20353982300885	0.52212389380531	0.274336283185841
PD14461a	0	16	0	10	2	9	490	0	0	728	0	178	40	0	0	0	0	4.0	True	True	0.191780821917808	0.561643835616438	0.246575342465753
PD14462a	0	7	1	3	0	18	600	404	0	1371	0	0	253	0	0	0	0	3.0	True	True	0.197368421052632	0.5	0.302631578947368
PD14465a	4	35	1	32	4	23	1006	131	0	1088	0	749	123	0	0	0	0	10.0	True	True	0.176	0.552	0.272
PD14467a	0	15	1	15	3	18	656	96	0	560	0	230	82	0	0	0	0	6.0	True	True	0.225806451612903	0.564516129032258	0.209677419354839
PD14468a	0	13	0	0	2	0	565	74	0	725	0	185	0	0	0	0	0	5.0	True	True	0.231884057971014	0.507246376811594	0.260869565217391
PD14471a	2	37	1	19	6	49	1388	99	0	805	0	866	112	0	0	0	0	4.0	True	True	0.22289156626506	0.560240963855422	0.216867469879518
PD14472a	0	7	0	0	0	0	563	204	0	1092	0	321	118	0	0	0	0	1.0	True	True	0.160714285714286	0.571428571428571	0.267857142857143
PD14473a	3	5	0	21	0	9	628	60	0	542	0	266	47	0	0	0	0	10.0	True	True	0.222222222222222	0.481481481481481	0.296296296296296
PD17973a	2	12	0	0	0	1	546	65	0	837	0	0	0	0	577	0	0	6.0	True	True	0.171428571428571	0.685714285714286	0.142857142857143
PD17981a	2	2	0	7	4	30	2460	1330	0	1730	0	0	262	0	1182	0	0	13.0	True	True	0.173184357541899	0.620111731843575	0.206703910614525
PD17991a	0	3	0	0	0	0	468	65	0	689	0	0	0	0	0	0	0	4.0	True	True	0.222222222222222	0.511111111111111	0.266666666666667
PD17994a	2	4	0	0	0	0	486	235	0	520	0	0	65	0	0	0	0	4.0	True	True	0.147058823529412	0.647058823529412	0.205882352941176
PD18017a	28	5	0	2	6	18	440	114	0	1165	0	338	51	0	0	0	0	3.0	False	False	0.131147540983607	0.573770491803279	0.295081967213115
PD18020a	20	91	153	15	131	36	747	0	6873	1952	0	3857	4343	0	0	0	0	17.0	False	False	0.376470588235294	0.396078431372549	0.227450980392157
PD18022a	2	27	1	34	0	49	531	128	0	481	0	336	126	0	0	0	0	3.0	True	True	0.212121212121212	0.727272727272727	0.0606060606060606
PD18024a	96	75	382	2	98	13	547	0	5622	1298	0	2858	684	95	0	0	0	29.0	False	False	0.320610687022901	0.477099236641221	0.202290076335878
PD18031a	4	10	2	35	17	25	719	168	0	1089	0	546	247	0	0	0	0	6.0	False	False	0.21505376344086	0.612903225806452	0.172043010752688
PD18037a	9	71	6	4	81	26	2943	369	0	2132	0	0	0	0	527	0	0	13.0	False	False	0.20952380952381	0.638095238095238	0.152380952380952
PD18045a	20	153	5	180	18	194	2544	3999	0	1916	0	1314	9695	0	0	0	0	17.0	True	True	0.146706586826347	0.619760479041916	0.233532934131737
PD18046a	3	31	0	0	4	1	939	128	0	1125	0	607	102	0	0	0	0	4.0	True	True	0.258373205741627	0.440191387559809	0.301435406698565
PD18047a	0	6	4	27	3	49	831	109	0	933	0	389	82	0	0	0	0	6.0	True	True	0.233333333333333	0.533333333333333	0.233333333333333
PD18048a	47	32	4	24	43	49	1199	128	0	2691	0	498	270	0	0	0	0	8.0	False	True	0.134751773049645	0.673758865248227	0.191489361702128
PD18049a	3	26	0	3	5	13	950	511	0	1675	0	0	256	0	0	0	0	5.0	True	True	0.190082644628099	0.619834710743802	0.190082644628099
PD18050a	17	97	2	126	6	51	1956	506	0	0	0	760	344	0	0	0	0	7.0	True	True	0.282051282051282	0.564102564102564	0.153846153846154
PD18100a	0	8	0	0	0	0	417	114	0	577	0	261	37	0	125	0	0	2.0	True	True	0.146341463414634	0.658536585365854	0.195121951219512
PD18101a	2	7	1	0	0	0	311	0	0	333	0	180	39	0	0	0	0	7.0	True	True	0.102564102564103	0.692307692307692	0.205128205128205
PD18116a	0	8	0	0	0	1	482	108	0	645	0	245	64	0	0	0	0	1.0	True	True	0.208955223880597	0.611940298507463	0.17910447761194
PD18149a	0	5	0	2	4	11	561	74	0	1533	0	311	91	0	0	0	0	6.0	True	True	0.146739130434783	0.679347826086957	0.173913043478261
PD18188a	2	6	0	35	2	7	616	111	0	1199	0	257	53	0	0	0	0	8.0	True	True	0.283783783783784	0.337837837837838	0.378378378378378
PD18189a	12	34	0	3	12	11	720	527	0	1587	0	690	279	0	469	0	0	12.0	True	True	0.212389380530973	0.52212389380531	0.265486725663717
PD18247a	1	0	0	0	1	0	0	3398	0	0	0	0	5738	0	0	0	0	1.0	False	True	0.119402985074627	0.656716417910448	0.223880597014925
PD18251a	20	60	2	15	9	20	618	160	0	1858	0	659	192	0	0	0	0	15.0	True	True	0.324324324324324	0.486486486486487	0.189189189189189
PD18257a	1	23	2	7	3	15	568	296	0	965	0	478	395	0	271	0	0	6.0	True	True	0.298507462686567	0.507462686567164	0.194029850746269
PD18258a	1	7	0	0	0	0	422	34	0	426	0	206	0	0	54	0	0	6.0	True	True	0.210526315789474	0.671052631578947	0.118421052631579
PD18259a	2	33	0	0	39	4	992	510	2445	0	0	2274	418	0	0	0	0	14.0	False	True	0.423841059602649	0.427152317880795	0.149006622516556
PD18264a	4	14	1	5	7	9	0	4554	0	0	0	0	2126	0	0	0	0	4.0	True	True	0.139240506329114	0.708860759493671	0.151898734177215
PD18269a	0	2	0	0	0	0	334	26	0	856	0	171	0	0	0	0	0	2.0	True	True	0.155172413793103	0.620689655172414	0.224137931034483
PD18728a	0	1	1	0	0	0	352	224	0	965	0	228	0	0	0	0	0	2.0	False	True	0.15	0.68	0.17
PD18730a	0	4	0	8	0	8	501	670	0	0	0	0	730	0	0	0	0	4.0	True	True	0.1875	0.6875	0.125
PD18733a	0	9	0	15	2	7	539	211	0	1476	0	720	73	0	0	0	0	3.0	True	True	0.147058823529412	0.625	0.227941176470588
PD18734a	4	2	1	153	4	154	978	150	0	1215	0	1029	107	0	349	0	0	4.0	True	True	0.182692307692308	0.557692307692308	0.259615384615385
PD18748a	0	7	0	10	0	1	969	688	0	1143	0	0	158	0	0	0	0	4.0	True	True	0.193877551020408	0.653061224489796	0.153061224489796
PD18749a	0	1	0	0	1	0	0	1401	0	0	0	0	3260	0	0	0	0	1.0	False	True	0.146341463414634	0.658536585365854	0.195121951219512
PD18751a	0	10	1	35	3	22	772	82	0	536	0	471	46	0	0	0	0	3.0	True	True	0.188405797101449	0.536231884057971	0.27536231884058
PD18754a	0	6	0	8	5	2	654	784	0	884	0	0	271	0	0	0	0	10.0	True	True	0.264367816091954	0.655172413793103	0.0804597701149425
PD18756a	0	2	0	0	0	0	726	99	0	663	0	0	0	0	147	0	0	2.0	True	True	0.288135593220339	0.508474576271186	0.203389830508475
PD18768a	0	2	0	0	0	0	577	92	0	1376	0	456	55	0	0	0	0	4.0	True	True	0.242424242424242	0.545454545454545	0.212121212121212
PD18769a	2	10	0	0	7	1	466	659	0	0	0	0	1857	0	0	0	0	7.0	False	True	0.16	0.6	0.24
PD18771a	0	1	0	5	0	2	461	35	0	1227	0	0	53	0	0	0	0	3.0	True	True	0.23943661971831	0.563380281690141	0.197183098591549
PD18775a	0	9	1	0	0	0	457	91	0	607	0	175	0	0	0	0	0	5.0	True	True	0.219512195121951	0.634146341463415	0.146341463414634
PD18776a	0	0	0	6	1	6	488	0	0	866	0	235	40	0	0	0	0	3.0	True	True	0.258620689655172	0.46551724137931	0.275862068965517
PD22036a	0	0	0	0	0	0	255	17	0	587	0	188	0	0	0	0	0	2.0	False	False	0.210526315789474	0.578947368421053	0.210526315789474
PD22251a	3	10	1	16	2	7	645	76	0	784	0	0	0	0	0	0	0	5.0	False	False	0.229508196721311	0.622950819672131	0.147540983606557
PD22355a	50	19	337	0	67	1	1014	0	3740	1206	0	3376	425	0	0	0	0	19.0	False	True	0.494402985074627	0.266791044776119	0.238805970149254
PD22357a	6	68	5	41	9	146	1347	3073	0	0	0	0	3299	0	0	0	0	10.0	False	False	0.204678362573099	0.60233918128655	0.192982456140351
PD22358a	5	11	0	2	30	13	284	0	3055	899	0	937	983	0	0	0	0	12.0	False	True	0.376237623762376	0.366336633663366	0.257425742574257
PD22359a	0	20	2	1	4	7	521	269	0	942	0	0	0	0	85	0	0	14.0	False	False	0.150943396226415	0.566037735849057	0.283018867924528
PD22360a	7	48	42	0	53	5	312	211	4705	0	0	2489	793	0	0	0	0	20.0	False	False	0.260869565217391	0.504347826086956	0.234782608695652
PD22361a	5	50	1	39	0	34	1231	1876	0	0	0	0	2792	0	0	0	0	10.0	False	False	0.149659863945578	0.680272108843537	0.170068027210884
PD22362a	3	57	1	62	0	36	282	354	0	718	0	520	75	0	0	0	0	14.0	False	False	0.205882352941176	0.558823529411765	0.235294117647059
PD22363a	10	41	2	0	72	7	436	165	4024	1126	0	2872	282	0	0	0	0	12.0	False	False	0.363247863247863	0.448717948717949	0.188034188034188
PD22364a	6	11	3	2	2	16	911	549	0	617	0	0	325	0	0	0	0	4.0	False	False	0.229166666666667	0.614583333333333	0.15625
PD22365a	6	27	0	1	2	11	294	42	0	771	0	730	69	0	0	0	0	1.0	False	False	0.333333333333333	0.4	0.266666666666667
PD22366a	30	80	81	3	57	11	666	487	5634	0	0	1597	1425	0	0	0	0	31.0	False	False	0.415492957746479	0.415492957746479	0.169014084507042
PD23550a	1	16	4	133	3	113	651	492	0	1615	0	0	108	0	0	0	0	4.0	False	False	0.228915662650602	0.55421686746988	0.216867469879518
PD23554a	5	8	95	0	22	1	243	0	3948	0	0	2251	457	0	0	0	0	26.0	False	False	0.346153846153846	0.435897435897436	0.217948717948718
PD23558a	0	64	2	1	63	18	709	0	3535	2282	0	2699	909	0	0	0	0	12.0	False	True	0.457805907172996	0.373417721518987	0.168776371308017
PD23559a	33	7	0	0	40	4	537	211	0	2434	0	1591	609	0	0	0	0	29.0	False	False	0.320610687022901	0.49618320610687	0.183206106870229
PD23560a	1	55	0	1	7	12	504	271	0	1174	0	624	433	0	0	0	0	13.0	False	False	0.0746268656716418	0.686567164179104	0.238805970149254
PD23561a	0	6	1	7	6	55	1325	18114	0	0	3953	0	30615	0	0	0	4021	0.0	False	False	0.0231578947368421	0.928421052631579	0.0484210526315789
PD23562a	19	41	110	5	37	9	707	0	4433	1603	0	0	605	0	0	0	0	24.0	False	True	0.5	0.291208791208791	0.208791208791209
PD23563a	32	68	49	0	60	7	264	0	3351	867	0	3418	323	0	0	0	0	30.0	False	False	0.426877470355731	0.363636363636364	0.209486166007905
PD23564a	2	1	1	0	5	0	768	0	0	2361	61435	0	0	0	0	0	18883	3.0	False	False	0.0126421290408307	0.970786431540783	0.0165714394183861
PD23565a	7	74	3	26	23	42	2074	3451	0	0	0	0	3327	0	0	0	0	16.0	False	False	0.232432432432432	0.578378378378378	0.189189189189189
PD23566a	41	52	99	0	67	6	599	0	3762	454	0	1852	0	0	0	0	0	34.0	False	False	0.479674796747967	0.288617886178862	0.231707317073171
PD23567a	5	36	145	5	34	30	650	80	3004	1127	0	2337	0	0	0	0	0	33.0	False	False	0.353951890034364	0.45360824742268	0.192439862542955
PD23569a	4	12	2	0	3	1	72	41	0	548	0	320	74	0	0	0	0	1.0	False	False	0.230769230769231	0.730769230769231	0.0384615384615385
PD23570a	0	13	0	9	1	4	430	691	0	833	0	0	291	0	0	0	0	7.0	False	False	0.3	0.55	0.15
PD23574a	30	59	118	8	100	10	671	0	6833	1436	0	1769	2385	0	0	0	0	21.0	False	True	0.339563862928349	0.43613707165109	0.224299065420561
PD23577a	47	17	101	0	31	2	354	0	1454	1212	0	673	181	96	0	0	0	19.0	False	False	0.58	0.236	0.184
PD23578a	39	23	125	0	31	1	191	0	2528	1361	0	2437	323	0	0	0	0	20.0	False	True	0.324137931034483	0.427586206896552	0.248275862068966
PD23579a	3	2	0	0	3	1	1423	0	0	1456	23145	0	0	0	0	24170	37117	7.0	False	False	0.00808538854783855	0.974032641013026	0.017881970439135
PD24182a	5	53	90	2	39	6	574	348	4922	1820	0	0	1873	0	0	0	0	20.0	False	False	0.47008547008547	0.303418803418803	0.226495726495726
PD24186a	6	39	9	0	53	6	0	0	2710	2615	0	1596	358	209	0	0	0	16.0	False	True	0.217647058823529	0.547058823529412	0.235294117647059
PD24189a	0	2	2	0	4	0	934	0	0	1367	12148	0	0	0	0	5404	9737	1.0	False	False	0.00916482910694598	0.973160143329658	0.0176750275633958
PD24190a	29	33	12	55	16	81	0	144	0	3619	0	3234	673	2138	0	0	0	15.0	False	False	0.154761904761905	0.638888888888889	0.206349206349206
PD24191a	3	21	2	0	28	3	310	0	2966	1808	0	825	211	0	0	0	0	20.0	False	True	0.308474576271186	0.610169491525424	0.0813559322033898
PD24192a	1	88	3	0	121	12	432	0	8853	4763	0	1757	2022	0	0	0	0	18.0	False	False	0.475449101796407	0.340119760479042	0.184431137724551
PD24193a	0	2	0	0	0	0	1012	593	0	0	3406	0	400	0	0	1441	4385	4.0	False	False	0.025280091927607	0.954898017810974	0.0198218902614191
PD24194a	4	26	2	5	5	9	0	5344	0	1913	0	774	5535	129	0	0	0	23.0	False	False	0.289308176100629	0.49685534591195	0.213836477987421
PD24195a	9	1	0	0	4	0	429	121	0	1356	0	334	0	0	0	0	0	5.0	False	False	0.184210526315789	0.736842105263158	0.0789473684210526
PD24196a	2	43	7	17	16	58	314	140	632	651	0	565	190	0	128	0	0	7.0	False	False	0.236363636363636	0.618181818181818	0.145454545454545
PD24197a	9	42	209	0	53	5	0	314	7558	1219	0	10397	513	214	0	0	0	34.0	False	False	0.292307692307692	0.430769230769231	0.276923076923077
PD24199a	4	27	2	63	8	28	540	168	0	1316	0	557	273	0	0	0	0	12.0	False	False	0.209302325581395	0.511627906976744	0.27906976744186
PD24200a	1	6	33	0	6	1	41	0	450	164	0	295	24	0	0	0	0	0.0	False	False	0.166666666666667	0.333333333333333	0.5
PD24201a	49	111	153	0	68	8	1110	734	3180	4398	0	9769	1287	0	0	0	0	26.0	False	False	0.309375	0.45625	0.234375
PD24202a	41	8	216	1	22	4	585	190	3224	1242	0	1626	912	0	0	0	0	29.0	False	True	0.448818897637795	0.350393700787402	0.200787401574803
PD24204a	0	4	0	0	1	0	1554	0	0	903	0	0	0	0	338	0	0	0.0	False	False	0.166666666666667	0.647058823529412	0.186274509803922
PD24205a	0	47	1	0	32	4	615	239	3588	1903	0	2278	305	0	0	0	0	18.0	False	False	0.508591065292096	0.359106529209622	0.132302405498282
PD24206a	6	61	1	19	7	10	333	355	0	1564	0	1152	206	0	0	0	0	4.0	False	False	0.144927536231884	0.579710144927536	0.27536231884058
PD24207a	6	86	3	135	7	110	1630	1694	0	0	0	0	1421	0	0	0	0	14.0	False	False	0.258992805755396	0.553956834532374	0.18705035971223
PD24208a	25	20	8	0	7	1	612	15048	0	0	0	0	9964	0	0	0	0	6.0	False	False	0.241758241758242	0.472527472527473	0.285714285714286
PD24209a	21	3	2	8	4	36	297	2243	949	0	0	1223	5457	0	0	0	0	12.0	False	False	0.175438596491228	0.640350877192982	0.184210526315789
PD24212a	4	51	8	69	57	47	588	519	2990	2030	0	3495	433	0	0	0	0	15.0	False	False	0.48961937716263	0.373702422145329	0.136678200692042
PD24214a	2	19	1	87	8	96	1270	0	0	803	0	594	0	0	412	0	0	5.0	False	False	0.2	0.618181818181818	0.181818181818182
PD24215a	21	11	5	1	17	9	0	184	0	2678	0	2432	642	0	241	0	0	11.0	False	False	0.417322834645669	0.403149606299213	0.179527559055118
PD24216a	39	3	0	0	15	1	0	2660	0	4234	0	0	2445	0	0	0	0	1.0	False	False	0.290322580645161	0.567741935483871	0.141935483870968
PD24217a	8	20	3	51	0	28	0	4080	0	284	0	329	10612	0	0	0	0	7.0	False	False	0.133333333333333	0.466666666666667	0.4
PD24218a	1	14	1	9	6	64	463	163	0	2567	0	0	95	0	0	0	0	8.0	False	False	0.219512195121951	0.577235772357724	0.203252032520325
PD24219a	5	58	1	6	9	21	1635	0	0	1042	0	536	106	0	0	0	0		False	False	0.144329896907216	0.721649484536082	0.134020618556701
PD24220a	2	15	3	109	11	243	1520	272	0	0	0	896	923	0	0	0	0	6.0	False	False	0.126666666666667	0.746666666666667	0.126666666666667
PD24221a	0	6	2	0	4	0	131	0	0	1299	0	575	141	0	147	0	0	3.0	False	False	0.263888888888889	0.611111111111111	0.125
PD24223a	1	8	0	0	2	1	972	1041	0	1415	0	0	0	0	0	0	0	9.0	False	False	0.2	0.644444444444444	0.155555555555556
PD24224a	2	15	1	11	3	10	473	132	0	965	0	523	119	0	0	0	0	9.0	False	False	0.133333333333333	0.75	0.116666666666667
PD24225a	0	5	0	8	2	16	285	372	0	566	0	390	208	0	0	0	0	1.0	False	False	0.258064516129032	0.548387096774194	0.193548387096774
PD24302a	1	4	0	0	0	0	382	100	0	786	0	0	0	0	0	0	0	3.0	False	False	0.170212765957447	0.659574468085106	0.170212765957447
PD24303a	8	2	147	0	8	0	199	0	2321	754	0	613	613	0	0	0	0	5.0	False	False	0.25531914893617	0.382978723404255	0.361702127659574
PD24304a	3	25	33	0	27	3	232	0	2948	0	0	3452	221	0	0	0	0	7.0	False	False	0.25531914893617	0.574468085106383	0.170212765957447
PD24306a	15	4	82	0	6	0	155	0	1469	451	0	1079	182	0	0	0	0	9.0	False	False	0.339622641509434	0.452830188679245	0.207547169811321
PD24307a	0	1	0	8	0	40	315	77	0	880	0	283	39	0	0	0	0	4.0	False	False	0.211538461538462	0.596153846153846	0.192307692307692
PD24308a	22	69	1	45	21	62	625	0	724	2534	0	516	353	0	0	0	0	10.0	False	False	0.240837696335079	0.643979057591623	0.115183246073298
PD24314a	9	26	5	16	17	68	782	85	0	1795	0	746	215	0	247	0	0	12.0	False	False	0.131313131313131	0.656565656565657	0.212121212121212
PD24318a	10	12	1	19	17	35	669	54	0	1723	0	0	100	0	0	0	0	8.0	False	False	0.265822784810127	0.481012658227848	0.253164556962025
PD24320a	7	21	0	5	3	25	0	0	0	0	1010	0	0	0	0	0	14685	12.0	False	False	0.104093567251462	0.853801169590643	0.0421052631578947
PD24322a	26	35	2	5	4	26	919	753	0	2206	0	0	990	0	0	0	0	6.0	False	False	0.152	0.696	0.152
PD24325a	79	52	5	4	51	8	1167	0	3766	3150	0	940	1294	70	0	0	0	9.0	False	False	0.124324324324324	0.737837837837838	0.137837837837838
PD24326a	4	12	1	7	2	35	338	10724	0	1641	0	0	9665	0	1252	0	0	13.0	False	False	0.144	0.544	0.312
PD24327a	2	55	2	110	5	74	779	6158	0	1152	0	695	7168	233	0	0	0	3.0	False	False	0.164893617021277	0.579787234042553	0.25531914893617
PD24329a	2	56	0	13	2	21	908	140	0	519	0	469	75	0	0	0	0	3.0	False	False	0.146341463414634	0.658536585365854	0.195121951219512
PD24332a	6	28	1	7	4	33	808	181	0	394	0	537	0	0	0	0	0	5.0	False	False	0.2	0.68	0.12
PD24333a	5	24	7	0	12	2	878	1726	0	581	0	0	1249	18450	0	0	0	9.0	False	False	0.126050420168067	0.710084033613445	0.163865546218487
PD24335a	5	116	2	206	3	103	1553	240	0	1115	0	712	328	0	0	0	0	7.0	False	False	0.243243243243243	0.616216216216216	0.140540540540541
PD24336a	4	22	0	46	1	7	239	368	0	1863	0	716	153	0	0	0	0	4.0	False	False	0.196261682242991	0.607476635514019	0.196261682242991
PD24337a	88	63	271	0	35	3	416	0	2689	1125	0	1141	336	0	0	0	0	26.0	False	True	0.589403973509934	0.205298013245033	0.205298013245033
PD3851a	0	3	0	14	1	14	394	123	0	665	0	605	32	0	0	0	0	7.0	True	True	0.176470588235294	0.529411764705882	0.294117647058824
PD3890a	14	13	112	0	26	1	375	194	3418	798	0	0	648	151	0	0	0	22.0	False	True	0.387096774193548	0.354838709677419	0.258064516129032
PD3904a	14	41	4	8	55	39	286	440	2168	1285	0	1135	354	0	0	0	0	19.0	False	True	0.62781954887218	0.233082706766917	0.139097744360902
PD3905a	6	29	52	7	39	7	299	227	1878	740	0	937	522	0	0	0	0	2.0	False	True	0.364583333333333	0.364583333333333	0.270833333333333
PD3945a	11	16	2	0	68	6	0	344	2586	3293	0	3689	639	0	0	0	0	10.0	False	True	0.378223495702006	0.426934097421203	0.194842406876791
PD3989a	2	5	2	0	5	1	754	344	0	769	0	371	0	0	0	0	0	4.0	False	False	0.157303370786517	0.685393258426966	0.157303370786517
PD4005a	26	28	101	0	26	2	517	776	3238	0	0	0	1510	0	0	0	0	32.0	False	True	0.482758620689655	0.267241379310345	0.25
PD4006a	104	22	158	0	63	5	676	0	5772	0	0	2780	347	0	0	0	0	21.0	False	True	0.374485596707819	0.407407407407407	0.218106995884774
PD4069a	0	2	0	0	1	0	812	110	0	838	0	0	0	0	325	0	0	3.0	True	True	0.256756756756757	0.5	0.243243243243243
PD4072a	0	0	0	0	1	0	0	13732	0	0	0	305	13894	0	0	0	0	0.0	False	True	0.108108108108108	0.391891891891892	0.5
PD4076a	0	0	0	0	2	0	786	294	0	1011	0	0	0	0	0	0	0	3.0	False	False	0.223684210526316	0.605263157894737	0.171052631578947
PD4085a	2	28	0	6	2	27	602	122	0	1091	0	822	67	0	0	0	0	6.0	True	True	0.119402985074627	0.641791044776119	0.238805970149254
PD4086a	12	12	5	0	19	2	279	219	503	544	0	0	406	0	0	0	0	23.0	False	True	0.210526315789474	0.526315789473684	0.263157894736842
PD4088a	5	51	2	49	1	63	547	99	461	253	0	0	69	0	262	0	0	14.0	False	False	0.25	0.53125	0.21875
PD4103a	12	162	4	302	32	101	1140	721	0	1808	0	753	514	0	282	0	0	5.0	False	False	0.193370165745856	0.591160220994475	0.215469613259669
PD4107a	15	14	92	39	71	59	0	877	2922	2407	0	3464	204	0	0	0	0	21.0	False	True	0.266447368421053	0.490131578947368	0.243421052631579
PD4109a	44	53	0	0	75	9	1764	0	1143	3675	0	1828	1903	0	0	0	0	13.0	False	True	0.14025974025974	0.690909090909091	0.168831168831169
PD4115a	0	56	2	0	63	7	459	192	3565	2238	0	2664	344	290	0	0	0	15.0	False	True	0.543446244477172	0.341678939617084	0.114874815905744
PD4116a	4	80	5	18	92	56	0	335	2787	1688	0	2436	924	0	0	0	0	29.0	False	True	0.455012853470437	0.408740359897172	0.136246786632391
PD4192a	2	62	3	5	7	22	910	341	2294	0	0	0	747	0	0	0	0		False	False	0.323529411764706	0.441176470588235	0.235294117647059
PD4194a	0	0	0	3	1	19	468	143	0	353	0	254	210	0	0	0	0	8.0	False	False	0.125	0.6875	0.1875
PD4198a	5	54	2	80	12	67	1055	657	0	1494	0	1012	299	0	0	0	0	19.0	False	False	0.1125	0.75	0.1375
PD4199a	8	30	1	13	12	22	0	3599	0	0	0	0	3349	0	0	0	0	18.0	True	True	0.0941176470588235	0.576470588235294	0.329411764705882
PD4225a	0	32	0	13	0	1	1031	131	0	533	0	260	0	0	0	0	0	4.0	True	True	0.24390243902439	0.560975609756098	0.195121951219512
PD4248a	15	38	2	14	12	59	340	154	0	1140	0	414	148	0	0	0	0	19.0	True	True	0.169014084507042	0.690140845070423	0.140845070422535
PD4252a	38	52	0	10	32	18	1076	0	0	1592	0	492	200	0	413	0	0	17.0	False	True	0.198675496688742	0.463576158940397	0.337748344370861
PD4255a	66	117	8	66	37	17	749	0	0	1973	0	837	241	0	754	0	0	24.0	True	True	0.134751773049645	0.652482269503546	0.212765957446809
PD4261a	0	8	0	10	3	2	410	37	0	1123	0	186	40	0	0	0	0	9.0	True	True	0.244186046511628	0.476744186046512	0.27906976744186
PD4264a	0	15	1	36	1	18	1026	279	0	813	0	0	0	0	0	0	0	5.0	False	False	0.232876712328767	0.589041095890411	0.178082191780822
PD4266a	0	0	0	1	1	5	626	1224	0	0	0	0	538	0	0	0	0	2.0	True	True	0.295454545454545	0.431818181818182	0.272727272727273
PD4267a	0	0	0	0	0	0	745	148	0	716	0	0	510	0	0	0	0	1.0	False	False	0.121212121212121	0.606060606060606	0.272727272727273
PD4315a	15	56	6	69	5	56	614	515	0	978	0	812	469	0	0	0	0	10.0	True	True	0.154639175257732	0.608247422680412	0.237113402061856
PD4604a	9	93	5	9	55	31	526	301	3301	2056	0	2561	578	0	0	0	0	20.0	False	True	0.362595419847328	0.484732824427481	0.152671755725191
PD4605a	4	42	2	15	4	31	1046	78	0	1325	0	0	201	0	0	0	0	7.0	True	True	0.16	0.75	0.09
PD4606a	0	44	0	0	3	1	401	43	0	685	0	0	0	0	0	0	0	10.0	True	True	0.288888888888889	0.555555555555556	0.155555555555556
PD4607a	1	4	0	10	0	2	0	16095	0	0	0	0	9858	0	0	0	0	7.0	False	False	0.114942528735632	0.586206896551724	0.298850574712644
PD4613a	2	2	0	8	2	9	575	948	0	0	0	0	672	0	0	0	0	5.0	True	True	0.0789473684210526	0.631578947368421	0.289473684210526
PD4826a	18	69	2	101	10	92	681	553	0	1259	0	740	585	0	0	0	0	10.0	False	False	0.216216216216216	0.603603603603604	0.18018018018018
PD4833a	21	19	434	0	64	2	423	129	3714	982	0	718	435	0	0	0	0	29.0	False	False	0.60377358490566	0.188679245283019	0.207547169811321
PD4836a	7	15	5	6	43	5	690	138	1044	1531	0	604	296	0	0	0	0	25.0	False	False	0.185929648241206	0.618090452261307	0.195979899497487
PD4841a	493	65	11	10	25	4	656	159	1798	2138	0	1903	366	0	0	0	0	12.0	False	False	0.20265780730897	0.634551495016611	0.162790697674419
PD4844a	19	80	11	0	95	11	568	0	6149	3480	0	1452	1161	0	0	0	0	17.0	False	True	0.522924411400248	0.304832713754647	0.172242874845105
PD4845a	9	21	25	5	80	15	525	0	1058	1432	0	1821	100	799	0	0	0	0.0	False	True	0.221606648199446	0.695290858725762	0.0831024930747922
PD4847a	97	24	12	17	36	67	970	257	0	5343	0	3022	215	525	710	0	0	0.0	False	True	0.118279569892473	0.757467144563919	0.124253285543608
PD4872a	5	25	6	10	35	10	0	560	0	1477	0	1880	893	0	0	0	0	15.0	False	True	0.404624277456647	0.410404624277457	0.184971098265896
PD4874a	6	107	9	23	63	14	0	900	0	2677	0	3353	2779	0	0	0	0	22.0	False	True	0.417085427135678	0.351758793969849	0.231155778894472
PD4875a	5	33	2	3	82	14	638	163	1721	2268	0	1691	324	0	0	0	0	23.0	False	False	0.316279069767442	0.432558139534884	0.251162790697674
PD4876a	7	43	0	0	41	4	272	240	3105	931	0	0	360	0	0	0	0	25.0	False	True	0.516431924882629	0.323943661971831	0.15962441314554
PD4951a	4	14	0	0	13	2	277	85	945	741	0	515	216	0	0	0	0	12.0	False	True	0.455172413793103	0.36551724137931	0.179310344827586
PD4952a	20	93	3	33	138	47	1109	650	4080	2586	0	2771	837	0	0	0	0	17.0	False	True	0.557620817843866	0.32094175960347	0.121437422552664
PD4953a	41	28	2	17	42	13	329	220	2559	1900	0	1601	337	0	0	0	0	38.0	False	True	0.338582677165354	0.503937007874016	0.15748031496063
PD4954a	12	16	2	2	77	18	498	215	2647	1213	0	747	444	0	0	0	0	13.0	False	True	0.533333333333333	0.280701754385965	0.185964912280702
PD4955a	17	25	2	0	53	5	353	283	1714	1503	0	1883	334	0	0	0	0	14.0	False	True	0.597495527728086	0.291592128801431	0.110912343470483
PD4956a	80	28	20	0	99	9	766	0	7852	1627	0	0	1337	0	0	0	0	22.0	False	True	0.639004149377593	0.204702627939142	0.156293222683264
PD4957a	4	27	0	1	30	12	298	213	740	939	0	818	271	0	0	0	0	21.0	False	True	0.369565217391304	0.427536231884058	0.202898550724638
PD4958a	2	41	4	0	50	6	0	665	1511	3275	0	3088	799	0	0	0	0	28.0	False	True	0.400560224089636	0.456582633053221	0.142857142857143
PD4959a	6	15	0	11	51	20	488	123	1358	1104	0	1420	118	0	0	0	0	16.0	False	True	0.511904761904762	0.305555555555556	0.182539682539683
PD4962a	10	43	2	12	5	14	0	1689	0	0	0	2240	2914	0	0	0	0	16.0	True	True	0.294117647058824	0.450980392156863	0.254901960784314
PD4965a	1	6	0	21	2	3	799	116	0	1203	0	535	53	0	0	0	0	8.0	True	True	0.168067226890756	0.621848739495798	0.210084033613445
PD4967a	0	1	0	1	1	6	533	609	0	1158	0	0	927	0	0	0	0	11.0	True	True	0.153846153846154	0.692307692307692	0.153846153846154
PD4968a	8	22	2	123	24	35	1283	1115	0	1616	0	766	0	0	0	0	0	16.0	True	True	0.175115207373272	0.672811059907834	0.152073732718894
PD4969a	1	7	0	2	0	8	240	51	0	514	0	227	0	0	0	0	0	4.0	True	True	0.185185185185185	0.666666666666667	0.148148148148148
PD4970a	5	1	0	4	2	19	668	118	0	1252	0	277	95	0	0	0	0	1.0	True	True	0.133333333333333	0.613333333333333	0.253333333333333
PD4971a	4	197	4	134	1	44	970	124	0	745	0	797	129	0	0	0	0	12.0	True	True	0.240506329113924	0.481012658227848	0.278481012658228
PD4972a	0	0	0	0	0	0	355	33	0	542	0	189	26	0	0	0	0	3.0	False	False	0.183673469387755	0.489795918367347	0.326530612244898
PD4975a	0	17	1	0	52	5	698	109	3959	1412	0	987	341	0	0	0	0	13.0	False	True	0.436170212765957	0.404255319148936	0.159574468085106
PD4976a	3	74	2	4	0	34	2097	175	0	2804	0	0	499	0	700	0	0	14.0	True	True	0.110655737704918	0.770491803278688	0.118852459016393
PD4977a	1	3	0	0	10	1	0	21981	0	2315	0	0	17259	0	703	0	0	4.0	False	True	0.150735294117647	0.529411764705882	0.319852941176471
PD4978a	7	38	4	278	3	227	610	628	0	1243	0	671	584	0	0	0	0	5.0	False	False	0.186046511627907	0.511627906976744	0.302325581395349
PD4980a	41	20	3	2	7	15	675	0	0	1374	0	1035	210	0	502	0	0	21.0	False	True	0.24375	0.60625	0.15
PD4981a	0	2	0	0	0	0	626	56	0	605	0	376	0	0	0	0	0	2.0	True	True	0.12962962962963	0.537037037037037	0.333333333333333
PD4982a	0	0	0	0	0	0	534	47	0	685	0	208	0	0	0	0	0	2.0	False	False	0.263157894736842	0.526315789473684	0.210526315789474
PD4983a	0	0	0	0	0	0	427	70	0	1266	0	0	0	0	0	0	0	1.0	False	False	0.240506329113924	0.544303797468354	0.215189873417722
PD4985a	0	2	0	0	0	0	531	79	0	1129	0	210	55	0	0	0	0	1.0	True	True	0.211111111111111	0.522222222222222	0.266666666666667
PD4986a	0	5	0	0	4	0	402	49	298	1016	0	211	0	0	0	0	0	2.0	False	True	0.281927710843373	0.375903614457831	0.342168674698795
PD5925a	1	30	15	5	37	4	0	280	2877	2655	0	1608	1360	0	0	0	0	29.0	False	False	0.317073170731707	0.429268292682927	0.253658536585366
PD5928a	2	27	1	0	46	4	584	281	2567	1012	0	2419	251	0	0	0	0	10.0	False	True	0.576837416481069	0.267260579064588	0.155902004454343
PD5930a	4	10	97	5	20	4	356	0	1910	616	0	573	491	0	0	0	0	21.0	False	True	0.378947368421053	0.410526315789474	0.210526315789474
PD5932a	46	36	167	3	55	13	536	0	5501	2251	0	0	1772	0	0	0	0	25.0	False	False	0.496350364963504	0.338199513381995	0.165450121654501
PD5934a	89	52	231	4	66	11	696	0	6408	521	0	3548	406	0	0	0	0	22.0	False	False	0.431535269709544	0.342323651452282	0.226141078838174
PD5935a	87	61	122	0	60	5	877	0	5508	1971	0	0	1315	0	0	0	0	29.0	False	True	0.40719696969697	0.401515151515151	0.191287878787879
PD5936a	0	17	1	28	6	79	752	258	0	1316	0	456	0	0	0	0	0	7.0	True	True	0.266187050359712	0.496402877697842	0.237410071942446
PD5937a	2	3	2	0	2	0	1099	29416	0	0	17791	0	19561	0	0	0	8230	3.0	False	True	0.00658726462173132	0.968460975447468	0.0249517599308005
PD5942a	9	46	4	10	25	67	1290	231	2198	1763	0	0	283	0	225	0	0	10.0	False	False	0.15668202764977	0.658986175115207	0.184331797235023
PD5944a	10	11	0	0	3	1	744	99	0	1136	0	546	84	0	0	0	0	35.0	False	True	0.221476510067114	0.590604026845638	0.187919463087248
PD5945a	21	63	251	0	94	6	344	0	4532	1104	0	2331	522	0	0	0	0	19.0	False	True	0.596774193548387	0.246543778801843	0.15668202764977
PD5946a	2	24	1	240	3	133	1424	195	0	1640	0	0	198	0	455	0	0	7.0	True	True	0.242268041237113	0.530927835051546	0.22680412371134
PD5947a	8	16	2	42	6	76	513	210	0	532	0	319	205	0	0	0	0	14.0	False	False	0.170212765957447	0.595744680851064	0.234042553191489
PD5948a	41	95	164	27	107	55	442	0	8707	5513	0	0	510	0	0	0	0	26.0	False	True	0.502768549280177	0.332225913621262	0.16500553709856
PD5950a	7	34	0	11	162	15	953	0	0	712	0	304	0	0	221	0	0	31.0	False	True	0.125	0.696428571428571	0.178571428571429
PD5951a	8	30	2	11	2	63	1514	217	0	887	0	471	104	0	0	0	0	9.0	True	True	0.230088495575221	0.539823008849557	0.230088495575221
PD5953a	0	9	3	0	7	1	775	49	0	1001	0	311	0	0	0	0	0	5.0	False	True	0.255936675461741	0.45646437994723	0.287598944591029
PD5956a	181	3	118	38	156	196	657	223	0	1072	0	1761	0	0	372	0	0	11.0	False	True	0.257763975155279	0.487577639751553	0.254658385093168
PD5959a	0	43	5	133	2	126	601	311	0	1518	0	0	74	0	0	0	0	7.0	True	True	0.184210526315789	0.618421052631579	0.197368421052632
PD5960a	0	23	4	0	32	3	449	151	838	1457	0	966	184	0	0	0	0	9.0	False	True	0.352040816326531	0.494897959183673	0.153061224489796
PD5961a	3	56	0	24	1	19	826	338	0	906	0	0	0	0	244	0	0	12.0	True	True	0.184615384615385	0.630769230769231	0.184615384615385
PD5964a	5	2	1	41	5	15	337	99	0	522	0	428	74	0	130	0	0	5.0	True	True	0.105263157894737	0.684210526315789	0.210526315789474
PD6016a2	0	1	0	0	0	0	487	433	0	756	0	0	235	0	0	0	0	1.0	False	False	0.155555555555556	0.622222222222222	0.222222222222222
PD6041a	0	2	0	0	0	0	505	68	0	976	0	222	0	0	0	0	0	8.0	True	True	0.18	0.6	0.22
PD6042a	9	89	1	8	20	35	0	577	0	2805	0	2398	1339	0	0	0	0	18.0	False	True	0.283422459893048	0.449197860962567	0.267379679144385
PD6043a	44	16	53	0	95	8	0	6348	3522	992	0	4100	7151	165	486	0	0	21.0	False	True	0.494736842105263	0.281578947368421	0.223684210526316
PD6044a	2	17	2	23	4	13	725	92	0	1623	0	0	133	0	0	0	0	15.0	False	False	0.238938053097345	0.495575221238938	0.265486725663717
PD6045a	0	2	1	7	0	23	345	534	0	871	0	402	181	0	0	0	0	9.0	True	True	0.333333333333333	0.4	0.266666666666667
PD6046a	3	46	2	34	6	121	831	156	0	1057	0	583	87	0	262	0	0	13.0	False	False	0.236559139784946	0.629032258064516	0.134408602150538
PD6047a	20	36	3	32	15	37	1985	427	1763	4068	0	0	262	0	937	0	0	14.0	False	False	0.145454545454545	0.646753246753247	0.207792207792208
PD6048a	11	36	8	87	13	187	1017	215	0	737	0	673	181	0	279	0	0	9.0	False	False	0.223776223776224	0.58041958041958	0.195804195804196
PD6404a	21	57	1	11	17	32	780	321	2807	1829	0	0	533	283	0	0	0	18.0	False	False	0.242603550295858	0.502958579881657	0.254437869822485
PD6405a	10	59	6	51	28	59	2315	0	0	0	0	0	33002	0	0	0	0	11.0	False	False	0.108262108262108	0.660968660968661	0.230769230769231
PD6406a	22	41	96	0	25	2	410	0	3435	0	0	850	331	0	0	0	0	27.0	False	True	0.291139240506329	0.392405063291139	0.316455696202532
PD6409a	36	37	39	1	39	10	329	0	4220	0	0	3064	1197	0	0	0	0	29.0	False	True	0.237410071942446	0.41726618705036	0.345323741007194
PD6410a	7	26	121	3	25	11	462	0	3661	1280	0	1031	879	0	0	0	0	32.0	False	True	0.3	0.505	0.195
PD6411a	34	48	53	0	47	4	445	103	4568	0	0	954	605	0	0	0	0	21.0	False	True	0.222222222222222	0.512820512820513	0.264957264957265
PD6412a	6	25	3	0	44	4	2011	0	0	2619	9832	0	691	0	0	0	10034	19.0	False	True	0.0290263963274675	0.943286151491966	0.0276874521805662
PD6413a	17	16	254	0	32	1	394	312	2250	0	0	1022	610	0	0	0	0	17.0	False	True	0.439655172413793	0.318965517241379	0.241379310344828
PD6414a	2	3	1	0	1	0	371	158	0	1142	0	0	46	44	0	0	0	37.0	False	False	0.175438596491228	0.614035087719298	0.210526315789474
PD6415a	42	64	168	20	62	7	773	697	4753	0	0	1605	1717	0	0	0	0	30.0	False	True	0.454022988505747	0.298850574712644	0.247126436781609
PD6416a	0	26	0	6	13	26	0	142	746	592	0	1115	477	259	0	0	0	4.0	False	False	0.236363636363636	0.527272727272727	0.236363636363636
PD6417a	2	48	2	57	1	27	849	54	0	573	0	0	70	0	0	0	0	6.0	True	True	0.178571428571429	0.619047619047619	0.202380952380952
PD6418a	1	1	0	0	0	0	541	86	0	1169	0	224	0	0	0	0	0	11.0	False	True	0.220338983050847	0.550847457627119	0.228813559322034
PD6422a	21	128	4	81	42	84	758	448	0	2499	0	930	179	0	367	0	0	10.0	True	True	0.1875	0.642857142857143	0.169642857142857
PD6466b	0	18	2	22	1	17	516	166	0	1127	0	0	0	0	0	0	0	12.0	True	True	0.1875	0.604166666666667	0.208333333333333
PD6684a	16	51	144	0	78	7	713	0	7891	2159	0	0	2713	201	0	0	0	26.0	False	True	0.436363636363636	0.35959595959596	0.204040404040404
PD6711a2	0	10	0	1	0	9	630	169	0	1115	0	0	0	0	0	0	0	6.0	True	True	0.342857142857143	0.457142857142857	0.2
PD6719a	6	51	1	19	6	25	610	0	2222	988	0	984	167	0	0	0	0	13.0	True	True	0.166666666666667	0.614035087719298	0.219298245614035
PD6720a	6	40	0	13	2	12	607	118	0	1195	0	0	98	0	0	0	0	3.0	True	True	0.195402298850575	0.609195402298851	0.195402298850575
PD6721a	0	16	0	6	1	22	767	170	0	850	0	377	67	0	0	0	0	7.0	True	True	0.26	0.59	0.15
PD6722a	26	20	104	0	43	3	0	1943	978	1204	0	1279	4706	0	0	0	0	33.0	False	False	0.393617021276596	0.361702127659574	0.24468085106383
PD6727b	23	63	8	67	26	84	1625	354	2533	1319	0	0	848	0	0	0	0	0.0	False	False	0.164658634538153	0.662650602409639	0.172690763052209
PD6728b	55	14	6	14	7	19	489	90	731	434	0	672	162	0	0	0	0	22.0	False	True	0.209302325581395	0.5	0.290697674418605
PD6729a2	4	25	4	20	40	27	1073	90	1466	1562	0	506	175	0	0	0	0	0.0	False	False	0.289256198347107	0.433884297520661	0.276859504132231
PD6730b	12	15	3	3	41	24	671	0	5120	1194	0	2529	575	0	0	0	0	7.0	False	False	0.260683760683761	0.474358974358974	0.264957264957265
PD6731a2	14	25	29	0	28	3	0	1523	0	0	0	2903	4123	0	0	0	0	19.0	False	True	0.373626373626374	0.395604395604396	0.230769230769231
PD6732b	29	64	9	49	11	17	472	127	730	1199	0	0	387	0	0	0	0	11.0	False	False	0.154929577464789	0.577464788732394	0.267605633802817
PD6733b	7	38	0	2	24	21	1225	576	0	1746	0	0	792	0	337	0	0	14.0	False	False	0.169491525423729	0.627118644067797	0.203389830508475
PD7066a	268	37	2	0	10	4	688	0	1745	562	0	338	305	0	0	0	0	2.0	False	False	0.218390804597701	0.597701149425287	0.183908045977011
PD7067a	7	78	2	124	7	7	832	102	0	2663	0	1494	692	197	0	0	0	8.0	False	False	0.0941176470588235	0.670588235294118	0.235294117647059
PD7069a	3	49	2	11	7	71	898	1145	0	1553	0	0	1535	0	0	0	0	13.0	True	True	0.170212765957447	0.521276595744681	0.308510638297872
PD7199a	4	7	1	7	1	49	485	45	0	382	0	218	0	0	0	0	0	4.0	True	True	0.155555555555556	0.644444444444444	0.2
PD7201a	2	1	0	1	0	8	588	135	0	861	0	0	0	0	0	0	0	1.0	True	True	0.175257731958763	0.556701030927835	0.268041237113402
PD7202a	5	137	8	114	14	174	1836	482	0	1488	0	0	271	0	1064	0	0	3.0	False	False	0.148648648648649	0.635135135135135	0.216216216216216
PD7203a	2	54	3	68	6	43	253	251	0	473	0	0	333	0	254	0	0	15.0	False	False	0.16	0.56	0.28
PD7204a	0	4	2	29	0	9	729	226	0	920	0	301	0	0	0	0	0	4.0	False	False	0.136363636363636	0.579545454545455	0.284090909090909
PD7205a	13	84	9	272	24	116	991	1224	0	3048	0	0	2595	0	0	0	0	10.0	False	False	0.10752688172043	0.623655913978495	0.268817204301075
PD7206a	7	33	1	53	4	29	799	150	0	2219	0	1369	203	0	0	0	0	8.0	True	True	0.106194690265487	0.725663716814159	0.168141592920354
PD7207a	0	0	0	1	0	5	988	416	0	1450	0	0	0	0	0	0	0	2.0	True	True	0.202127659574468	0.648936170212766	0.148936170212766
PD7209a	0	0	1	0	0	0	701	139	0	641	0	0	0	0	184	0	0	2.0	False	True	0.114754098360656	0.60655737704918	0.278688524590164
PD7210a	0	1	0	0	0	0	461	38	0	572	0	248	0	0	0	0	0	2.0	True	True	0.217391304347826	0.695652173913043	0.0869565217391304
PD7211a	25	24	458	8	70	19	701	122	3860	1122	0	2062	419	0	0	0	0	32.0	False	True	0.45320197044335	0.344827586206897	0.201970443349754
PD7214a	0	15	0	0	0	0	344	120	0	1029	0	0	0	0	0	0	0	6.0	True	True	0.1875	0.6875	0.125
PD7215a	36	8	165	3	21	26	414	1066	0	1809	0	1677	1418	0	0	0	0	24.0	False	True	0.413612565445026	0.340314136125654	0.246073298429319
PD7217a	2	39	0	3	66	14	583	757	2868	2148	0	1453	1360	0	0	0	0	30.0	False	True	0.375	0.35472972972973	0.27027027027027
PD7218a	0	1	0	0	0	0	579	56	0	612	0	0	0	0	227	0	0	2.0	True	True	0.3	0.566666666666667	0.133333333333333
PD7219a	17	9	2	5	4	33	510	4455	0	0	0	0	6656	0	0	0	0	8.0	True	True	0.208333333333333	0.520833333333333	0.270833333333333
PD7220a	2	10	1	2	11	14	910	469	0	1113	0	0	217	0	0	0	0	8.0	True	True	0.252252252252252	0.522522522522523	0.225225225225225
PD7221a	1	6	0	0	2	0	758	405	0	675	0	0	202	0	0	0	0	4.0	True	True	0.225806451612903	0.612903225806452	0.161290322580645
PD7238a	3	21	1	15	2	3	775	411	0	1031	0	0	0	0	0	0	0	10.0	True	True	0.2	0.666666666666667	0.133333333333333
PD7240a	2	76	3	19	22	27	1432	134	1143	2201	0	0	278	0	0	0	0	10.0	False	False	0.173333333333333	0.593333333333333	0.233333333333333
PD7243a	18	27	1	55	7	95	1066	607	0	2473	0	1565	323	0	740	0	0	8.0	True	True	0.209003215434084	0.559485530546624	0.231511254019293
PD7248a	59	69	138	4	90	7	658	0	6213	2634	0	1893	1644	0	0	0	0	17.0	False	False	0.460606060606061	0.323232323232323	0.216161616161616
PD7249a	18	33	3	56	10	61	873	1122	0	0	0	1465	1124	0	0	0	0		False	False	0.228395061728395	0.604938271604938	0.166666666666667
PD7250a	11	64	169	6	81	13	645	0	5670	1235	0	0	340	0	0	0	0	22.0	False	True	0.527859237536657	0.275659824046921	0.196480938416422
PD7304a	40	66	0	20	3	25	513	191	0	683	0	510	106	0	0	0	0	2.0	False	False	0.151898734177215	0.569620253164557	0.278481012658228
PD7305a	11	28	2	144	4	140	1579	420	0	1521	0	0	449	0	787	0	0	7.0	False	False	0.25	0.49390243902439	0.25609756097561
PD7306a	7	40	5	157	26	175	1569	833	0	2422	0	1010	532	0	497	0	0	13.0	False	False	0.174528301886792	0.69811320754717	0.127358490566038
PD7307a	14	60	4	110	12	127	0	3282	0	0	0	0	5142	0	0	0	0	19.0	False	False	0.202247191011236	0.438202247191011	0.359550561797753
PD7316a	33	53	60	0	37	4	493	67	3598	0	0	1145	344	0	0	0	0	26.0	False	False	0.33695652173913	0.423913043478261	0.239130434782609
PD7321a	18	37	344	0	50	3	586	124	3131	1188	0	0	1026	0	0	0	0	21.0	False	False	0.60952380952381	0.164285714285714	0.226190476190476
PD7322a	2	17	0	30	1	20	731	48	0	773	0	0	0	0	463	0	0	3.0	True	True	0.192982456140351	0.631578947368421	0.175438596491228
PD7341a	5	67	3	71	11	87	885	300	0	946	0	0	634	0	325	0	0	16.0	False	False	0.106382978723404	0.702127659574468	0.191489361702128
PD7344a	4	13	0	3	12	5	171	0	0	339	0	125	57	0	30	0	0	3.0	False	False	0.19047619047619	0.476190476190476	0.333333333333333
PD7426a	86	85	224	2	75	13	576	0	10544	2364	0	0	5013	0	0	0	0	23.0	False	False	0.490161001788909	0.289803220035778	0.220035778175313
PD7428a	11	41	292	0	39	3	573	0	8516	1174	0	4068	1619	0	0	0	0	23.0	False	False	0.276341948310139	0.479125248508946	0.244532803180915
PD8609a	1	19	2	21	5	12	998	2838	0	0	0	0	1251	0	0	0	0	5.0	True	True	0.263929618768328	0.390029325513196	0.346041055718475
PD8610a	4	35	1	9	56	36	206	259	1704	1160	0	1248	521	0	0	0	0	28.0	False	True	0.422535211267606	0.450704225352113	0.126760563380282
PD8611a	52	52	233	0	74	5	398	0	3562	1838	0	0	1030	0	0	0	0	17.0	False	True	0.508196721311475	0.311475409836066	0.180327868852459
PD8612a	23	9	0	1	1	9	968	266	0	0	0	644	90	0	0	0	0	14.0	False	True	0.0897435897435897	0.769230769230769	0.141025641025641
PD8614a	1	6	0	5	0	5	349	100	0	775	0	215	0	0	0	0	0	6.0	True	True	0.2	0.625	0.175
PD8615a	5	20	0	25	1	25	611	589	0	1367	0	0	1703	0	0	0	0	8.0	True	True	0.136986301369863	0.643835616438356	0.219178082191781
PD8617a	1	34	0	2	4	17	499	85	0	1315	0	0	0	0	0	0	0	5.0	True	True	0.134615384615385	0.567307692307692	0.298076923076923
PD8618a	0	6	0	0	1	0	401	53	0	852	0	157	43	0	0	0	0	7.0	True	True	0.275	0.5	0.225
PD8619a	20	34	4	69	12	109	927	129	0	1385	0	759	371	0	0	0	0	9.0	True	True	0.149606299212598	0.614173228346457	0.236220472440945
PD8620a	0	1	0	0	1	0	536	904	0	0	0	0	1217	0	0	0	0	4.0	False	True	0.181818181818182	0.575757575757576	0.242424242424242
PD8621a	19	18	179	0	51	4	598	0	4130	1827	0	890	617	0	0	0	0	23.0	False	True	0.458563535911602	0.280386740331492	0.261049723756906
PD8622a	0	21	0	4	5	19	377	96	0	973	0	294	69	0	0	0	0	7.0	True	True	0.202247191011236	0.460674157303371	0.337078651685393
PD8623a	0	24	0	0	5	1	423	287	0	1032	0	278	0	0	0	0	0	8.0	True	True	0.230046948356808	0.464788732394366	0.305164319248826
PD8652a2	35	42	195	0	107	8	1082	287	7935	2828	0	2062	1662	0	0	0	0	36.0	False	True	0.287206266318538	0.493472584856397	0.219321148825065
PD8660a2	92	173	19	129	138	39	2417	2626	9140	7201	0	0	3421	1323	0	0	0	16.0	False	True	0.233668341708543	0.537688442211055	0.228643216080402
PD8828a	0	10	0	0	1	0	520	375	0	839	0	0	327	0	0	0	0	5.0	True	True	0.131578947368421	0.684210526315789	0.184210526315789
PD8830a	13	18	1	25	47	24	1567	0	3302	1292	0	1781	304	0	0	0	0	15.0	False	True	0.186363636363636	0.577272727272727	0.236363636363636
PD8832a	11	141	67	22	105	31	931	0	14022	3194	0	6620	1296	346	0	0	0	21.0	False	True	0.313091482649842	0.528391167192429	0.158517350157729
PD8964a	9	64	3	3	150	18	666	0	5128	2496	0	1960	901	0	0	0	0	29.0	False	True	0.493243243243243	0.360810810810811	0.145945945945946
PD8965a	27	62	2	1	3	10	443	524	0	1848	0	1177	459	0	0	0	0	20.0	True	True	0.304794520547945	0.462328767123288	0.232876712328767
PD8969a	6	82	2	0	31	4	569	410	3010	1729	0	0	780	0	322	0	0	35.0	False	True	0.475	0.384375	0.140625
PD8973a	0	16	1	8	4	54	1213	1774	0	0	0	0	2921	0	0	0	0	7.0	True	True	0.164835164835165	0.626373626373626	0.208791208791209
PD8977a	2	16	1	6	2	6	2155	186	0	1171	0	534	0	0	0	0	0	5.0	True	True	0.144486692015209	0.688212927756654	0.167300380228137
PD8978a	7	30	2	3	75	16	984	135	3381	1681	0	0	489	0	0	0	0	5.0	False	True	0.451034482758621	0.449655172413793	0.0993103448275862
PD8979a	13	193	11	336	10	179	951	346	0	2085	0	440	215	0	0	0	0	28.0	True	True	0.112068965517241	0.603448275862069	0.28448275862069
PD8980a	16	176	94	62	61	136	749	0	3704	3866	0	5337	1803	0	0	0	0	27.0	False	True	0.397482014388489	0.37410071942446	0.22841726618705
PD8981a	2	23	2	67	4	74	504	143	0	620	0	386	95	0	0	0	0	11.0	True	True	0.277777777777778	0.509259259259259	0.212962962962963
PD8982a	175	112	24	37	82	82	1341	0	11357	3246	0	0	5613	0	0	0	0	21.0	False	True	0.19047619047619	0.585714285714286	0.223809523809524
PD8984a	26	50	6	0	73	8	1038	200	6942	0	0	0	972	0	0	0	0	22.0	False	True	0.45583038869258	0.332155477031802	0.212014134275618
PD8995a	3	25	1	17	10	61	2654	2830	0	0	0	0	2102	0	0	0	0	5.0	False	False	0.136363636363636	0.684659090909091	0.178977272727273
PD8996a	2	55	2	28	2	112	1229	146	0	937	0	807	111	0	0	0	0	5.0	False	False	0.184713375796178	0.585987261146497	0.229299363057325
PD8997a	0	112	3	115	12	96	961	149	0	1303	0	0	226	0	192	0	0	8.0	False	False	0.210526315789474	0.578947368421053	0.210526315789474
PD8998a	7	35	1	30	6	16	0	1237	0	0	0	1214	2318	0	0	0	0	17.0	False	False	0.25	0.46875	0.28125
PD8999a	4	12	1	45	4	19	442	70	0	614	0	221	0	0	0	0	0	5.0	False	False	0.277777777777778	0.5	0.222222222222222
PD9000a	15	77	2	1	98	15	400	440	3809	1650	0	2488	723	0	0	0	0	15.0	False	True	0.51423487544484	0.298932384341637	0.186832740213523
PD9001a	0	5	0	18	1	13	705	115	0	1885	0	0	0	0	0	0	0	2.0	True	True	0.179190751445087	0.630057803468208	0.190751445086705
PD9002a	5	32	4	54	11	52	476	331	0	4460	0	2076	330	302	501	0	0	9.0	False	False	0.0716981132075472	0.794339622641509	0.133962264150943
PD9004a	3	109	76	6	79	11	470	0	4480	2833	0	1276	1566	0	0	0	0	25.0	False	True	0.359408033826638	0.346723044397463	0.293868921775899
PD9009a	2	30	1	7	6	46	920	2948	0	914	0	1037	8967	424	0	0	0	4.0	False	False	0.165467625899281	0.60431654676259	0.23021582733813
PD9063a	0	17	1	44	9	13	0	30448	0	0	0	0	19597	0	0	0	0	5.0	True	True	0.0534351145038168	0.473282442748092	0.473282442748092
PD9064a	36	33	287	0	70	3	735	0	4548	2357	0	3731	980	0	0	0	0	36.0	False	False	0.510606060606061	0.245454545454545	0.243939393939394
PD9065a	5	10	0	12	0	1	531	297	0	761	0	0	0	0	621	0	0	6.0	True	True	0.235294117647059	0.541176470588235	0.223529411764706
PD9067a	1	8	0	0	0	0	533	226	0	468	0	216	111	0	0	0	0	3.0	True	True	0.254901960784314	0.588235294117647	0.156862745098039
PD9193a	2	2	3	107	1	191	435	50	438	400	0	0	136	0	223	0	0	4.0	True	True	0.191489361702128	0.48936170212766	0.319148936170213
PD9464a	36	85	3	48	21	156	661	494	0	2238	0	1152	396	0	310	0	0	22.0	False	False	0.181818181818182	0.607655502392344	0.210526315789474
PD9467a	3	0	0	6	2	22	1035	218	0	739	0	471	0	0	0	0	0	3.0	False	False	0.12621359223301	0.640776699029126	0.233009708737864
PD9539a	8	37	1	101	11	64	2349	121	0	0	0	930	180	0	0	0	0	8.0	True	True	0.169590643274854	0.614035087719298	0.216374269005848
PD9541a	1	23	1	2	2	15	1688	369	0	0	0	649	0	0	0	0	0	3.0	True	True	0.201680672268908	0.605042016806723	0.19327731092437
PD9544a	0	1	1	0	0	0	437	101	0	568	0	283	0	0	0	0	0	1.0	False	True	0.232558139534884	0.651162790697674	0.116279069767442
PD9567a	0	37	1	33	10	37	943	244	0	1113	0	951	261	0	0	0	0	12.0	False	False	0.105263157894737	0.694736842105263	0.2
PD9568a	23	37	26	1	113	15	1513	0	13307	5318	0	5527	4420	310	0	0	0	20.0	False	False	0.32837528604119	0.466819221967963	0.204805491990847
PD9569a	10	29	1	4	6	14	632	0	0	1157	0	253	99	0	0	0	0	11.0	False	False	0.267605633802817	0.563380281690141	0.169014084507042
PD9570a	0	2	0	0	0	0	498	301	0	358	0	249	0	0	0	0	0	2.0	False	False	0.14	0.6	0.26
PD9571a	112	53	10	29	50	62	700	97	1603	2083	0	0	217	0	0	0	0	19.0	False	False	0.203883495145631	0.553398058252427	0.242718446601942
PD9572a	1	7	0	3	1	5	584	181	0	2134	0	0	1184	0	0	0	0	2.0	False	False	0.180851063829787	0.585106382978723	0.234042553191489
PD9573a	2	8	0	11	1	18	821	0	0	565	0	230	0	0	0	0	0	5.0	False	False	0.273684210526316	0.526315789473684	0.2
PD9574a	0	1	1	7	0	12	594	61	0	621	0	358	0	0	0	0	0	5.0	False	False	0.2	0.528571428571429	0.271428571428571
PD9575a	34	23	16	0	22	3	506	179	0	4136	0	669	771	239	0	0	0	6.0	False	False	0.353603603603604	0.488738738738739	0.157657657657658
PD9576a	29	149	198	19	94	22	713	0	8169	3868	0	4293	795	0	0	0	0	27.0	False	False	0.39027149321267	0.347285067873303	0.262443438914027
PD9577a	0	43	1	2	3	11	392	67	0	842	0	323	0	0	0	0	0	6.0	True	True	0.211009174311927	0.577981651376147	0.211009174311927
PD9578a	0	2	0	0	0	0	284	40	0	615	0	149	0	0	0	0	0	1.0	True	True	0.09375	0.625	0.28125
PD9579a	6	13	0	14	2	12	397	73	0	803	0	279	82	0	0	0	0	5.0	False	False	0.303030303030303	0.333333333333333	0.363636363636364
PD9581a	0	0	0	0	0	0	423	52	0	930	0	211	0	0	0	0	0	0.0	False	False	0.194630872483221	0.657718120805369	0.147651006711409
PD9582a	2	30	2	149	2	60	1072	171	830	0	0	525	142	0	0	0	0	7.0	True	True	0.194029850746269	0.626865671641791	0.17910447761194
PD9584a	13	1	2	17	3	110	746	132	0	1466	0	341	68	0	0	0	0	0.0	False	False	0.21	0.57	0.22
PD9585a	2	73	389	8	54	7	806	0	3856	1740	0	2682	1200	0	0	0	0	33.0	False	True	0.531767955801105	0.227900552486188	0.240331491712707
PD9589a	3	7	2	0	4	1	425	177	0	568	0	243	0	0	0	0	0	2.0	False	False	0.211538461538462	0.576923076923077	0.211538461538462
PD9591a	0	5	0	5	0	5	460	81	0	596	0	159	0	0	0	0	0	3.0	True	True	0.235294117647059	0.558823529411765	0.205882352941176
PD9592a	31	35	53	0	100	9	762	0	6015	0	0	1204	515	0	0	0	0	25.0	False	True	0.450581395348837	0.34593023255814	0.203488372093023
PD9593a	0	11	1	6	1	4	424	49	0	992	0	0	39	0	113	0	0	6.0	True	True	0.226415094339623	0.490566037735849	0.283018867924528
PD9595a	14	37	101	11	46	14	943	148	4089	1698	0	2492	352	0	0	0	0	19.0	False	True	0.445807770961145	0.368098159509202	0.186094069529652
PD9597a	0	2	0	6	1	4	557	1438	0	0	0	0	916	0	0	0	0	2.0	True	True	0.214285714285714	0.571428571428571	0.214285714285714
PD9599a	14	54	2	23	10	28	1151	216	0	1632	0	0	296	0	0	0	0	11.0	True	True	0.215189873417722	0.607594936708861	0.177215189873418
PD9600a	15	19	0	0	3	1	609	45	0	869	0	439	57	0	0	0	0	7.0	False	True	0.161290322580645	0.661290322580645	0.17741935483871
PD9604a	40	21	0	4	40	14	0	0	0	0	1530	0	221	0	0	0	8918	5.0	False	True	0.0248467247499193	0.947725072604066	0.0274282026460148
PD9605a	11	16	0	4	9	21	886	158	0	1329	0	611	88	0	301	0	0	15.0	True	True	0.268965517241379	0.544827586206897	0.186206896551724
PD9606a	0	0	0	0	0	0	462	39	0	551	0	170	0	0	0	0	0	1.0	False	False	0.19047619047619	0.53968253968254	0.26984126984127
PD9694a	2	8	1	15	4	21	941	0	0	550	0	0	65	0	156	0	0	10.0	False	False	0.227272727272727	0.477272727272727	0.295454545454545
PD9696a	42	35	201	0	51	3	463	93	3026	0	0	1499	784	0	0	0	0	27.0	False	False	0.269662921348315	0.550561797752809	0.179775280898876
PD9702a	189	38	196	0	45	1	700	0	5968	0	0	0	1193	0	0	0	0	15.0	False	True	0.256140350877193	0.508771929824561	0.235087719298246
PD9752a	7	87	3	51	15	131	1147	331	0	972	0	680	346	0	0	0	0	16.0	True	True	0.234234234234234	0.558558558558559	0.207207207207207
PD9754a	4	4	1	10	4	23	735	78	0	649	0	435	0	0	0	0	0	6.0	True	True	0.208695652173913	0.617391304347826	0.173913043478261
PD9755a	0	0	1	20	2	36	527	137	0	1046	0	0	0	0	0	0	0	3.0	True	True	0.236111111111111	0.569444444444444	0.194444444444444
PD9756a	6	2	0	22	4	18	855	1916	0	0	0	0	1441	0	0	0	0	4.0	True	True	0.220183486238532	0.577981651376147	0.201834862385321
PD9759a	4	22	0	9	8	11	676	176	0	1078	0	262	0	0	0	0	0	4.0	True	True	0.209876543209877	0.592592592592593	0.197530864197531
PD9760a	4	43	1	15	8	70	1178	633	0	1559	0	932	704	0	0	0	0	12.0	False	False	0.215686274509804	0.568627450980392	0.215686274509804
PD9761a	1	1	0	0	0	0	746	141	0	1037	0	0	0	0	179	0	0	7.0	False	True	0.134831460674157	0.651685393258427	0.213483146067416
PD9842a	0	0	0	0	1	0	705	110	0	2242	0	0	144	0	0	0	0	0.0	False	True	0.190909090909091	0.636363636363636	0.172727272727273
PD9843a	0	0	0	0	0	0	400	36	0	1211	0	279	0	0	84	0	0	4.0	False	False	0.197183098591549	0.619718309859155	0.183098591549296
PD9844a	0	0	0	0	0	0	95	20	0	285	0	61	0	0	46	0	0	2.0	False	False	0.102564102564103	0.58974358974359	0.307692307692308
PD9845a	0	7	0	9	2	11	456	326	0	2208	0	0	157	0	0	0	0	3.0	False	False	0.186991869918699	0.544715447154472	0.268292682926829
PD9847a	2	1	1	0	0	0	471	49	0	1369	0	340	0	0	0	0	0	4.0	False	True	0.247058823529412	0.611764705882353	0.141176470588235
