Sample	clustered_1-10MB_deletion	clustered_1-10MB_inversion	clustered_1-10MB_tandem duplication	clustered_1-10kb_deletion	clustered_1-10kb_inversion	clustered_1-10kb_tandem duplication	clustered_10-100kb_deletion	clustered_10-100kb_inversion	clustered_10-100kb_tandem duplication	clustered_100kb-1MB_deletion	clustered_100kb-1MB_inversion	clustered_100kb-1MB_tandem duplication	clustered_>10MB_deletion	clustered_>10MB_inversion	clustered_>10MB_tandem duplication	clustered_interchromosomal_translocation	unclustered_1-10MB_deletion	unclustered_1-10MB_inversion	unclustered_1-10MB_tandem duplication	unclustered_1-10kb_deletion	unclustered_1-10kb_inversion	unclustered_1-10kb_tandem duplication	unclustered_10-100kb_deletion	unclustered_10-100kb_inversion	unclustered_10-100kb_tandem duplication	unclustered_100kb-1MB_deletion	unclustered_100kb-1MB_inversion	unclustered_100kb-1MB_tandem duplication	unclustered_>10MB_deletion	unclustered_>10MB_inversion	unclustered_>10MB_tandem duplication	unclustered_interchromosomal_translocation
SA542425	0.0	0.0	0.0	0.0	0.0	0.0	0.0	0.0	0.0	0.0	0.0	0.0	0.0	0.0	0.0	0.0	4.0	5.0	6.0	1.0	0.0	0.0	1.0	0.0	0.0	0.0	0.0	0.0	0.0	0.0	0.0	16.0
SA542426	0.0	0.0	0.0	0.0	0.0	0.0	0.0	0.0	0.0	0.0	0.0	0.0	0.0	0.0	0.0	0.0	4.0	4.0	4.0	1.0	0.0	0.0	2.0	0.0	2.0	2.0	0.0	3.0	1.0	4.0	3.0	1.0
SA542427	7.0	10.0	3.0	0.0	0.0	0.0	1.0	3.0	1.0	3.0	4.0	7.0	4.0	20.0	4.0	0.0	3.0	3.0	2.0	2.0	2.0	0.0	2.0	1.0	0.0	1.0	4.0	1.0	5.0	11.0	2.0	24.0
SA542492	0.0	0.0	0.0	0.0	0.0	0.0	0.0	0.0	0.0	0.0	0.0	0.0	0.0	0.0	0.0	0.0	0.0	4.0	0.0	4.0	0.0	1.0	1.0	0.0	2.0	0.0	0.0	1.0	0.0	1.0	0.0	0.0
SA542525	0.0	0.0	0.0	0.0	0.0	0.0	0.0	0.0	0.0	0.0	0.0	0.0	0.0	0.0	0.0	0.0	0.0	0.0	1.0	0.0	0.0	0.0	0.0	1.0	0.0	1.0	5.0	1.0	1.0	2.0	0.0	6.0
SA542561	0.0	0.0	0.0	0.0	0.0	0.0	0.0	0.0	0.0	0.0	0.0	0.0	0.0	0.0	0.0	0.0	6.0	11.0	7.0	2.0	4.0	0.0	2.0	3.0	5.0	2.0	1.0	1.0	5.0	6.0	1.0	7.0
SA542640	4.0	9.0	6.0	1.0	0.0	0.0	1.0	2.0	0.0	3.0	7.0	1.0	4.0	2.0	2.0	18.0	18.0	33.0	17.0	11.0	10.0	2.0	23.0	11.0	2.0	18.0	14.0	15.0	20.0	35.0	9.0	64.0
SA542641	0.0	0.0	0.0	0.0	0.0	0.0	0.0	0.0	0.0	0.0	0.0	0.0	0.0	0.0	0.0	0.0	0.0	2.0	0.0	0.0	0.0	0.0	2.0	0.0	0.0	1.0	2.0	0.0	0.0	0.0	0.0	0.0
SA542683	0.0	0.0	0.0	1.0	0.0	1.0	0.0	0.0	1.0	1.0	2.0	0.0	0.0	0.0	0.0	1.0	13.0	12.0	14.0	4.0	6.0	1.0	3.0	7.0	0.0	10.0	6.0	6.0	2.0	16.0	2.0	22.0
SA542695	0.0	0.0	0.0	0.0	0.0	0.0	0.0	0.0	0.0	0.0	0.0	0.0	0.0	0.0	0.0	0.0	0.0	0.0	0.0	0.0	0.0	0.0	1.0	0.0	0.0	0.0	0.0	0.0	0.0	1.0	1.0	0.0
SA542719	0.0	0.0	0.0	0.0	0.0	0.0	0.0	0.0	0.0	0.0	0.0	0.0	0.0	0.0	0.0	0.0	0.0	0.0	0.0	0.0	0.0	0.0	0.0	0.0	0.0	0.0	0.0	0.0	0.0	0.0	0.0	1.0
SA542783	3.0	4.0	1.0	0.0	0.0	0.0	0.0	1.0	1.0	3.0	1.0	2.0	1.0	1.0	1.0	24.0	12.0	23.0	5.0	0.0	3.0	2.0	1.0	3.0	1.0	2.0	7.0	3.0	17.0	46.0	22.0	193.0
SA542919	0.0	0.0	0.0	0.0	0.0	0.0	0.0	0.0	0.0	0.0	0.0	0.0	0.0	0.0	0.0	0.0	1.0	2.0	4.0	0.0	0.0	0.0	3.0	0.0	0.0	1.0	0.0	1.0	4.0	2.0	0.0	6.0
SA542923	0.0	1.0	0.0	0.0	1.0	0.0	0.0	0.0	0.0	0.0	0.0	0.0	0.0	0.0	0.0	6.0	3.0	9.0	4.0	2.0	1.0	1.0	1.0	2.0	0.0	2.0	4.0	3.0	4.0	3.0	0.0	14.0
SA542938	0.0	0.0	0.0	0.0	0.0	0.0	0.0	0.0	0.0	0.0	0.0	0.0	0.0	0.0	0.0	0.0	0.0	0.0	0.0	0.0	0.0	0.0	0.0	0.0	0.0	0.0	0.0	0.0	0.0	0.0	0.0	2.0
SA543073	0.0	0.0	0.0	0.0	0.0	0.0	0.0	0.0	0.0	0.0	0.0	0.0	0.0	0.0	0.0	0.0	7.0	8.0	5.0	25.0	9.0	0.0	16.0	2.0	1.0	3.0	0.0	3.0	2.0	3.0	2.0	17.0
SA543090	0.0	0.0	0.0	0.0	0.0	0.0	0.0	0.0	0.0	0.0	0.0	0.0	0.0	0.0	0.0	0.0	5.0	6.0	2.0	6.0	2.0	0.0	3.0	2.0	0.0	3.0	4.0	7.0	1.0	5.0	6.0	9.0
SA543104	0.0	0.0	0.0	0.0	1.0	0.0	0.0	0.0	0.0	1.0	0.0	0.0	0.0	2.0	2.0	19.0	0.0	11.0	0.0	1.0	0.0	0.0	1.0	1.0	2.0	2.0	5.0	2.0	1.0	17.0	3.0	33.0
SA543105	24.0	43.0	31.0	3.0	0.0	0.0	1.0	2.0	7.0	4.0	9.0	8.0	11.0	28.0	15.0	7.0	10.0	10.0	16.0	91.0	9.0	7.0	10.0	10.0	229.0	5.0	2.0	62.0	3.0	14.0	4.0	17.0
SA543113	0.0	0.0	0.0	0.0	0.0	0.0	0.0	0.0	0.0	0.0	0.0	0.0	0.0	0.0	0.0	0.0	0.0	0.0	0.0	1.0	0.0	0.0	0.0	0.0	0.0	0.0	0.0	0.0	0.0	0.0	0.0	0.0
SA543114	0.0	0.0	0.0	0.0	0.0	0.0	0.0	0.0	0.0	0.0	0.0	0.0	0.0	0.0	0.0	0.0	0.0	0.0	0.0	0.0	0.0	1.0	0.0	0.0	0.0	0.0	0.0	0.0	0.0	0.0	0.0	0.0
SA543117	0.0	0.0	0.0	0.0	0.0	0.0	0.0	0.0	0.0	0.0	0.0	0.0	0.0	0.0	0.0	0.0	9.0	6.0	6.0	3.0	1.0	2.0	2.0	3.0	2.0	5.0	6.0	14.0	3.0	4.0	0.0	4.0
SA543168	0.0	0.0	0.0	0.0	0.0	0.0	0.0	0.0	0.0	0.0	0.0	0.0	0.0	0.0	0.0	0.0	1.0	1.0	1.0	1.0	0.0	0.0	0.0	0.0	1.0	1.0	0.0	0.0	0.0	1.0	1.0	1.0
SA543179	0.0	1.0	0.0	1.0	0.0	0.0	0.0	0.0	0.0	0.0	0.0	2.0	1.0	5.0	0.0	11.0	2.0	2.0	12.0	22.0	3.0	1.0	9.0	6.0	4.0	2.0	1.0	24.0	2.0	9.0	0.0	23.0
SA543254	0.0	2.0	0.0	1.0	1.0	0.0	0.0	0.0	0.0	1.0	0.0	0.0	1.0	0.0	1.0	13.0	3.0	11.0	7.0	1.0	2.0	1.0	1.0	1.0	1.0	3.0	2.0	1.0	14.0	16.0	4.0	49.0
SA543282	2.0	1.0	4.0	0.0	0.0	0.0	0.0	0.0	0.0	1.0	2.0	3.0	0.0	2.0	0.0	0.0	7.0	17.0	9.0	33.0	1.0	2.0	15.0	2.0	5.0	3.0	1.0	3.0	11.0	8.0	10.0	59.0
SA543301	7.0	25.0	7.0	0.0	4.0	1.0	3.0	6.0	3.0	3.0	16.0	4.0	2.0	4.0	3.0	63.0	3.0	6.0	5.0	2.0	5.0	0.0	0.0	2.0	1.0	5.0	1.0	1.0	4.0	10.0	5.0	44.0
SA543399	0.0	0.0	0.0	0.0	0.0	0.0	0.0	0.0	0.0	0.0	0.0	0.0	0.0	0.0	0.0	0.0	1.0	4.0	2.0	52.0	9.0	1.0	23.0	2.0	4.0	5.0	0.0	11.0	10.0	13.0	7.0	64.0
SA543426	3.0	5.0	0.0	0.0	1.0	0.0	0.0	0.0	0.0	2.0	8.0	2.0	1.0	6.0	4.0	0.0	6.0	3.0	4.0	0.0	0.0	0.0	2.0	1.0	0.0	4.0	5.0	2.0	3.0	5.0	2.0	0.0
SA543482	0.0	0.0	0.0	0.0	0.0	0.0	0.0	0.0	0.0	0.0	0.0	0.0	0.0	0.0	0.0	0.0	0.0	0.0	1.0	0.0	0.0	1.0	2.0	1.0	1.0	3.0	0.0	1.0	1.0	0.0	0.0	5.0
SA543493	0.0	0.0	0.0	0.0	0.0	1.0	0.0	1.0	0.0	2.0	2.0	1.0	0.0	2.0	0.0	3.0	1.0	1.0	3.0	1.0	0.0	0.0	0.0	1.0	0.0	1.0	0.0	1.0	1.0	9.0	1.0	8.0
SA543500	0.0	0.0	0.0	0.0	0.0	0.0	0.0	0.0	0.0	0.0	0.0	0.0	0.0	0.0	0.0	0.0	0.0	0.0	0.0	1.0	0.0	0.0	2.0	0.0	0.0	1.0	1.0	0.0	1.0	2.0	0.0	1.0
SA543530	0.0	0.0	0.0	0.0	0.0	0.0	0.0	0.0	0.0	0.0	0.0	0.0	0.0	0.0	0.0	0.0	5.0	17.0	7.0	3.0	5.0	0.0	3.0	2.0	0.0	7.0	3.0	4.0	4.0	12.0	4.0	31.0
SA543536	0.0	0.0	0.0	0.0	0.0	0.0	0.0	0.0	0.0	0.0	0.0	0.0	0.0	0.0	0.0	0.0	0.0	0.0	0.0	0.0	0.0	0.0	0.0	0.0	0.0	0.0	0.0	0.0	0.0	0.0	0.0	1.0
SA543553	0.0	0.0	0.0	0.0	0.0	0.0	0.0	0.0	0.0	0.0	0.0	0.0	0.0	0.0	0.0	0.0	6.0	5.0	3.0	33.0	6.0	1.0	29.0	8.0	5.0	1.0	0.0	6.0	4.0	5.0	3.0	12.0
SA543567	7.0	20.0	7.0	0.0	7.0	0.0	1.0	4.0	1.0	4.0	4.0	2.0	0.0	0.0	0.0	47.0	6.0	15.0	8.0	9.0	11.0	0.0	7.0	11.0	3.0	4.0	1.0	1.0	1.0	1.0	3.0	28.0
SA543622	0.0	0.0	0.0	0.0	0.0	0.0	0.0	0.0	0.0	0.0	0.0	0.0	0.0	0.0	0.0	0.0	0.0	2.0	0.0	0.0	0.0	0.0	0.0	0.0	0.0	0.0	0.0	0.0	2.0	0.0	0.0	11.0
SA543663	0.0	0.0	0.0	0.0	0.0	0.0	0.0	0.0	0.0	0.0	0.0	0.0	0.0	0.0	0.0	0.0	1.0	0.0	0.0	0.0	0.0	0.0	0.0	0.0	0.0	0.0	0.0	1.0	0.0	0.0	0.0	0.0
SA543681	0.0	0.0	0.0	0.0	0.0	0.0	0.0	0.0	0.0	0.0	0.0	0.0	0.0	0.0	0.0	0.0	4.0	0.0	0.0	1.0	0.0	0.0	0.0	0.0	0.0	1.0	0.0	0.0	0.0	2.0	0.0	0.0
SA543682	0.0	0.0	0.0	0.0	0.0	0.0	0.0	0.0	0.0	0.0	0.0	0.0	0.0	0.0	0.0	0.0	0.0	2.0	0.0	2.0	2.0	0.0	1.0	0.0	0.0	2.0	1.0	0.0	2.0	0.0	0.0	17.0
SA543705	2.0	0.0	3.0	1.0	0.0	0.0	0.0	1.0	0.0	2.0	0.0	1.0	0.0	0.0	0.0	0.0	7.0	19.0	8.0	3.0	4.0	1.0	2.0	1.0	0.0	2.0	6.0	3.0	7.0	6.0	6.0	13.0
SA543712	0.0	0.0	0.0	0.0	0.0	0.0	0.0	0.0	0.0	0.0	0.0	0.0	0.0	0.0	0.0	0.0	0.0	1.0	0.0	0.0	0.0	0.0	0.0	0.0	0.0	0.0	0.0	0.0	0.0	0.0	0.0	1.0
SA543789	0.0	0.0	0.0	0.0	0.0	0.0	0.0	0.0	0.0	0.0	0.0	0.0	0.0	0.0	0.0	0.0	4.0	7.0	2.0	1.0	0.0	0.0	0.0	0.0	0.0	4.0	2.0	1.0	0.0	2.0	1.0	14.0
SA543801	0.0	0.0	0.0	0.0	0.0	0.0	0.0	0.0	0.0	0.0	0.0	0.0	0.0	0.0	0.0	0.0	1.0	0.0	0.0	1.0	1.0	0.0	0.0	0.0	1.0	0.0	4.0	1.0	0.0	1.0	0.0	7.0
SA543824	3.0	4.0	1.0	0.0	0.0	0.0	0.0	0.0	0.0	0.0	3.0	0.0	1.0	1.0	1.0	10.0	4.0	10.0	4.0	3.0	4.0	0.0	4.0	0.0	1.0	11.0	2.0	3.0	6.0	13.0	7.0	22.0
SA543843	0.0	0.0	0.0	0.0	0.0	0.0	0.0	0.0	0.0	0.0	0.0	0.0	0.0	0.0	0.0	0.0	0.0	4.0	0.0	0.0	0.0	1.0	0.0	1.0	0.0	2.0	1.0	0.0	2.0	5.0	1.0	4.0
SA543885	0.0	0.0	0.0	0.0	0.0	0.0	0.0	0.0	1.0	0.0	2.0	0.0	0.0	0.0	0.0	9.0	9.0	17.0	6.0	2.0	4.0	0.0	1.0	2.0	2.0	3.0	6.0	4.0	7.0	12.0	3.0	37.0
SA543895	0.0	0.0	0.0	1.0	0.0	0.0	0.0	0.0	0.0	1.0	1.0	0.0	1.0	2.0	0.0	21.0	5.0	2.0	2.0	0.0	1.0	0.0	0.0	1.0	2.0	0.0	2.0	3.0	3.0	7.0	4.0	15.0
SA543912	0.0	0.0	0.0	0.0	0.0	0.0	0.0	0.0	0.0	0.0	0.0	0.0	0.0	0.0	0.0	0.0	0.0	0.0	0.0	1.0	0.0	0.0	0.0	0.0	0.0	1.0	0.0	1.0	0.0	0.0	0.0	6.0
SA543968	3.0	6.0	3.0	0.0	3.0	1.0	1.0	0.0	0.0	2.0	1.0	1.0	0.0	1.0	0.0	2.0	14.0	18.0	14.0	3.0	4.0	0.0	3.0	9.0	4.0	8.0	7.0	5.0	3.0	9.0	3.0	23.0
SA543977	0.0	0.0	0.0	0.0	0.0	0.0	0.0	0.0	0.0	0.0	0.0	0.0	0.0	0.0	0.0	0.0	1.0	0.0	1.0	31.0	0.0	1.0	7.0	2.0	0.0	0.0	0.0	1.0	4.0	2.0	3.0	27.0
SA544002	0.0	0.0	0.0	0.0	0.0	0.0	0.0	0.0	0.0	0.0	0.0	0.0	0.0	0.0	0.0	0.0	2.0	8.0	15.0	11.0	2.0	110.0	3.0	2.0	41.0	0.0	3.0	19.0	9.0	7.0	8.0	19.0
SA544051	0.0	0.0	0.0	0.0	0.0	0.0	0.0	0.0	0.0	0.0	0.0	0.0	0.0	0.0	0.0	0.0	3.0	6.0	0.0	1.0	1.0	0.0	1.0	2.0	0.0	3.0	1.0	0.0	3.0	6.0	3.0	18.0
SA544072	0.0	0.0	0.0	0.0	0.0	0.0	0.0	0.0	0.0	0.0	0.0	0.0	0.0	0.0	0.0	0.0	13.0	15.0	8.0	10.0	4.0	0.0	6.0	4.0	4.0	4.0	9.0	7.0	7.0	21.0	6.0	45.0
SA544092	0.0	0.0	0.0	0.0	0.0	0.0	0.0	0.0	0.0	0.0	0.0	0.0	0.0	0.0	0.0	0.0	3.0	4.0	2.0	1.0	0.0	0.0	1.0	0.0	1.0	0.0	0.0	0.0	3.0	8.0	5.0	32.0
SA544135	3.0	2.0	5.0	1.0	0.0	0.0	0.0	3.0	0.0	0.0	2.0	1.0	2.0	5.0	3.0	23.0	16.0	20.0	14.0	2.0	8.0	2.0	2.0	4.0	8.0	5.0	6.0	6.0	9.0	12.0	2.0	43.0
SA544186	0.0	0.0	0.0	0.0	0.0	0.0	0.0	0.0	0.0	0.0	0.0	0.0	0.0	0.0	0.0	0.0	2.0	0.0	1.0	0.0	0.0	0.0	0.0	0.0	0.0	0.0	0.0	1.0	2.0	2.0	3.0	1.0
SA544229	0.0	0.0	0.0	0.0	0.0	0.0	0.0	0.0	0.0	0.0	0.0	0.0	0.0	0.0	0.0	0.0	11.0	9.0	9.0	3.0	3.0	1.0	1.0	2.0	0.0	4.0	3.0	6.0	3.0	4.0	1.0	25.0
SA544288	0.0	0.0	0.0	0.0	0.0	0.0	0.0	0.0	0.0	0.0	0.0	0.0	0.0	0.0	0.0	0.0	0.0	0.0	0.0	0.0	0.0	0.0	0.0	0.0	0.0	0.0	0.0	0.0	0.0	0.0	0.0	2.0
SA544289	2.0	2.0	2.0	0.0	0.0	0.0	0.0	0.0	0.0	2.0	3.0	1.0	3.0	5.0	1.0	0.0	9.0	11.0	4.0	0.0	1.0	1.0	0.0	4.0	1.0	2.0	3.0	2.0	10.0	13.0	3.0	33.0
SA544294	0.0	0.0	0.0	0.0	0.0	0.0	0.0	0.0	0.0	0.0	0.0	0.0	0.0	0.0	0.0	0.0	4.0	3.0	2.0	1.0	0.0	0.0	1.0	0.0	0.0	3.0	0.0	0.0	3.0	10.0	10.0	8.0
SA557034	0.0	0.0	0.0	0.0	0.0	0.0	0.0	0.0	0.0	0.0	0.0	0.0	0.0	0.0	0.0	0.0	2.0	1.0	1.0	42.0	8.0	25.0	24.0	4.0	30.0	12.0	0.0	31.0	2.0	3.0	1.0	31.0
SA557036	0.0	0.0	0.0	0.0	0.0	0.0	0.0	0.0	0.0	0.0	0.0	0.0	0.0	0.0	0.0	0.0	0.0	0.0	0.0	0.0	0.0	0.0	0.0	0.0	0.0	0.0	0.0	0.0	1.0	4.0	1.0	0.0
SA557038	0.0	0.0	0.0	0.0	0.0	0.0	0.0	0.0	0.0	0.0	0.0	0.0	0.0	0.0	0.0	0.0	3.0	4.0	2.0	5.0	3.0	0.0	0.0	0.0	0.0	2.0	1.0	0.0	5.0	12.0	2.0	10.0
SA557040	0.0	0.0	0.0	0.0	0.0	0.0	0.0	0.0	0.0	0.0	0.0	0.0	0.0	0.0	0.0	0.0	5.0	5.0	2.0	49.0	7.0	1.0	11.0	2.0	2.0	4.0	1.0	5.0	3.0	9.0	2.0	25.0
SA557042	27.0	42.0	17.0	2.0	7.0	2.0	5.0	10.0	2.0	7.0	18.0	8.0	6.0	19.0	15.0	156.0	28.0	50.0	27.0	5.0	10.0	5.0	8.0	8.0	1.0	8.0	14.0	13.0	16.0	44.0	19.0	143.0
SA557043	0.0	0.0	0.0	0.0	0.0	0.0	0.0	0.0	0.0	0.0	0.0	0.0	0.0	0.0	0.0	0.0	0.0	0.0	0.0	0.0	0.0	0.0	0.0	0.0	0.0	0.0	0.0	0.0	0.0	0.0	0.0	2.0
SA557046	3.0	6.0	5.0	0.0	0.0	0.0	1.0	0.0	0.0	3.0	3.0	4.0	0.0	0.0	1.0	14.0	7.0	17.0	4.0	4.0	10.0	1.0	5.0	3.0	4.0	1.0	8.0	3.0	8.0	11.0	5.0	28.0
SA557050	0.0	0.0	0.0	0.0	0.0	0.0	0.0	0.0	0.0	0.0	0.0	0.0	0.0	0.0	0.0	0.0	2.0	2.0	2.0	0.0	0.0	0.0	0.0	0.0	0.0	1.0	1.0	0.0	3.0	4.0	2.0	29.0
SA569158	0.0	0.0	0.0	0.0	0.0	0.0	0.0	0.0	0.0	0.0	0.0	0.0	0.0	0.0	0.0	0.0	2.0	9.0	4.0	9.0	12.0	0.0	11.0	5.0	13.0	19.0	5.0	19.0	4.0	5.0	6.0	27.0
SA569160	0.0	1.0	0.0	0.0	0.0	0.0	0.0	1.0	0.0	0.0	0.0	3.0	0.0	1.0	2.0	28.0	12.0	9.0	6.0	13.0	14.0	4.0	14.0	14.0	11.0	14.0	10.0	47.0	5.0	15.0	2.0	85.0
SA569162	0.0	0.0	0.0	0.0	0.0	0.0	0.0	0.0	0.0	0.0	0.0	0.0	0.0	0.0	0.0	0.0	1.0	4.0	4.0	25.0	8.0	233.0	6.0	1.0	154.0	6.0	2.0	15.0	6.0	5.0	9.0	61.0
SA569164	0.0	0.0	0.0	0.0	3.0	0.0	2.0	0.0	0.0	0.0	0.0	0.0	0.0	0.0	0.0	2.0	2.0	2.0	1.0	17.0	11.0	2.0	10.0	7.0	5.0	1.0	2.0	3.0	0.0	1.0	1.0	8.0
SA569168	0.0	0.0	0.0	0.0	0.0	0.0	0.0	0.0	0.0	0.0	0.0	0.0	0.0	0.0	0.0	0.0	7.0	3.0	8.0	35.0	11.0	8.0	31.0	7.0	2.0	19.0	4.0	10.0	7.0	8.0	2.0	54.0
SA569171	0.0	0.0	0.0	1.0	0.0	0.0	3.0	2.0	0.0	2.0	2.0	1.0	0.0	0.0	0.0	1.0	2.0	2.0	1.0	27.0	8.0	16.0	26.0	7.0	8.0	17.0	3.0	5.0	1.0	5.0	2.0	13.0
SA569176	0.0	0.0	0.0	0.0	0.0	0.0	0.0	0.0	0.0	0.0	0.0	0.0	0.0	0.0	0.0	0.0	9.0	18.0	19.0	14.0	5.0	4.0	12.0	4.0	39.0	2.0	4.0	57.0	18.0	24.0	3.0	20.0
SA569182	0.0	0.0	0.0	0.0	0.0	0.0	0.0	0.0	0.0	0.0	0.0	0.0	0.0	0.0	0.0	0.0	9.0	15.0	8.0	35.0	13.0	3.0	13.0	7.0	6.0	4.0	3.0	3.0	10.0	7.0	7.0	79.0
SA569188	0.0	0.0	0.0	0.0	0.0	0.0	0.0	0.0	0.0	0.0	0.0	0.0	0.0	0.0	0.0	0.0	5.0	6.0	3.0	16.0	18.0	1.0	41.0	9.0	1.0	7.0	1.0	3.0	2.0	2.0	4.0	19.0
SA569193	0.0	0.0	0.0	0.0	0.0	0.0	0.0	0.0	0.0	0.0	0.0	0.0	0.0	0.0	0.0	0.0	3.0	2.0	3.0	38.0	4.0	1.0	6.0	2.0	2.0	2.0	0.0	12.0	2.0	3.0	2.0	20.0
SA569199	0.0	0.0	0.0	0.0	0.0	0.0	0.0	0.0	0.0	0.0	0.0	0.0	0.0	0.0	0.0	0.0	4.0	4.0	2.0	47.0	2.0	10.0	33.0	6.0	31.0	16.0	7.0	47.0	2.0	8.0	1.0	16.0
SA569202	0.0	0.0	0.0	0.0	0.0	0.0	0.0	0.0	0.0	0.0	0.0	0.0	0.0	0.0	0.0	0.0	1.0	0.0	1.0	20.0	3.0	1.0	21.0	6.0	0.0	2.0	1.0	0.0	0.0	3.0	5.0	12.0
SA569209	0.0	0.0	0.0	0.0	0.0	0.0	0.0	0.0	0.0	0.0	0.0	0.0	0.0	0.0	0.0	0.0	1.0	0.0	0.0	8.0	0.0	0.0	1.0	1.0	0.0	1.0	0.0	1.0	0.0	1.0	1.0	1.0
SA569218	0.0	0.0	0.0	0.0	0.0	0.0	0.0	0.0	0.0	0.0	0.0	0.0	0.0	0.0	0.0	0.0	3.0	9.0	7.0	0.0	1.0	2.0	5.0	8.0	5.0	6.0	5.0	24.0	4.0	4.0	4.0	0.0
SA569223	0.0	0.0	0.0	0.0	0.0	0.0	0.0	0.0	0.0	0.0	0.0	0.0	0.0	0.0	0.0	0.0	3.0	1.0	0.0	22.0	5.0	9.0	6.0	0.0	3.0	7.0	0.0	1.0	4.0	5.0	2.0	24.0
SA569229	0.0	0.0	0.0	0.0	0.0	0.0	0.0	0.0	0.0	0.0	0.0	0.0	0.0	0.0	0.0	0.0	1.0	1.0	0.0	7.0	2.0	56.0	7.0	0.0	24.0	4.0	1.0	4.0	1.0	5.0	2.0	25.0
SA569235	0.0	0.0	0.0	0.0	0.0	0.0	0.0	0.0	0.0	0.0	0.0	0.0	0.0	0.0	0.0	0.0	0.0	8.0	4.0	22.0	2.0	90.0	14.0	4.0	54.0	8.0	6.0	33.0	8.0	8.0	3.0	56.0
SA569240	0.0	0.0	0.0	0.0	0.0	0.0	0.0	0.0	0.0	0.0	0.0	0.0	0.0	0.0	0.0	0.0	5.0	11.0	16.0	26.0	6.0	103.0	12.0	3.0	103.0	4.0	2.0	54.0	11.0	8.0	4.0	85.0
SA569246	0.0	0.0	0.0	0.0	0.0	0.0	0.0	0.0	0.0	0.0	0.0	0.0	0.0	0.0	0.0	0.0	4.0	5.0	23.0	17.0	4.0	68.0	24.0	6.0	44.0	9.0	6.0	44.0	4.0	10.0	3.0	64.0
SA569252	0.0	0.0	1.0	0.0	0.0	0.0	0.0	1.0	0.0	1.0	0.0	0.0	2.0	0.0	4.0	0.0	4.0	19.0	8.0	4.0	5.0	1.0	14.0	10.0	8.0	7.0	10.0	3.0	14.0	23.0	11.0	11.0
SA569257	0.0	0.0	0.0	0.0	0.0	0.0	0.0	0.0	0.0	0.0	0.0	0.0	0.0	0.0	0.0	0.0	2.0	1.0	3.0	1.0	1.0	0.0	1.0	1.0	0.0	3.0	0.0	5.0	0.0	4.0	1.0	1.0
SA569267	0.0	0.0	0.0	0.0	0.0	0.0	0.0	0.0	0.0	0.0	0.0	0.0	0.0	0.0	0.0	0.0	3.0	2.0	5.0	30.0	7.0	111.0	25.0	4.0	91.0	11.0	0.0	14.0	8.0	10.0	8.0	105.0
SA569277	8.0	11.0	5.0	0.0	0.0	0.0	1.0	2.0	0.0	4.0	13.0	7.0	0.0	0.0	0.0	5.0	3.0	5.0	2.0	61.0	11.0	77.0	13.0	7.0	65.0	13.0	6.0	29.0	15.0	26.0	7.0	93.0
SA569288	0.0	0.0	0.0	0.0	0.0	0.0	0.0	0.0	0.0	0.0	0.0	0.0	0.0	0.0	0.0	0.0	6.0	0.0	4.0	116.0	8.0	0.0	20.0	4.0	1.0	3.0	2.0	3.0	2.0	4.0	2.0	54.0
SA569298	7.0	5.0	1.0	0.0	1.0	2.0	1.0	0.0	0.0	4.0	5.0	4.0	9.0	16.0	7.0	6.0	11.0	25.0	11.0	2.0	4.0	0.0	3.0	3.0	1.0	13.0	7.0	5.0	13.0	21.0	2.0	23.0
SA569305	0.0	0.0	0.0	1.0	0.0	0.0	1.0	0.0	0.0	2.0	2.0	5.0	0.0	0.0	0.0	0.0	12.0	16.0	14.0	6.0	10.0	1.0	3.0	1.0	4.0	8.0	8.0	8.0	7.0	3.0	3.0	27.0
SA569315	0.0	0.0	0.0	0.0	0.0	0.0	0.0	0.0	0.0	0.0	0.0	0.0	0.0	0.0	0.0	0.0	1.0	8.0	4.0	11.0	2.0	44.0	4.0	3.0	40.0	1.0	1.0	14.0	8.0	4.0	3.0	37.0
SA569324	0.0	0.0	0.0	0.0	0.0	0.0	0.0	0.0	0.0	0.0	0.0	0.0	0.0	0.0	0.0	0.0	5.0	6.0	5.0	11.0	5.0	23.0	14.0	4.0	14.0	14.0	2.0	22.0	3.0	2.0	2.0	31.0
SA569332	0.0	0.0	0.0	0.0	0.0	0.0	0.0	0.0	0.0	0.0	0.0	0.0	0.0	0.0	0.0	0.0	4.0	4.0	4.0	9.0	5.0	49.0	3.0	1.0	58.0	2.0	1.0	6.0	5.0	11.0	3.0	29.0
SA569338	0.0	0.0	0.0	0.0	0.0	0.0	0.0	0.0	0.0	0.0	0.0	0.0	0.0	0.0	0.0	0.0	3.0	6.0	2.0	19.0	9.0	23.0	11.0	4.0	27.0	5.0	1.0	23.0	3.0	6.0	0.0	45.0
SA569348	0.0	0.0	0.0	0.0	0.0	0.0	0.0	0.0	0.0	0.0	0.0	0.0	0.0	0.0	0.0	0.0	2.0	1.0	1.0	18.0	2.0	1.0	11.0	6.0	3.0	6.0	0.0	3.0	2.0	4.0	0.0	22.0
SA569355	0.0	0.0	0.0	0.0	0.0	0.0	0.0	0.0	0.0	0.0	0.0	0.0	0.0	0.0	0.0	0.0	1.0	2.0	6.0	6.0	4.0	157.0	11.0	1.0	51.0	1.0	1.0	10.0	1.0	8.0	1.0	60.0
SA569371	0.0	0.0	0.0	0.0	0.0	0.0	0.0	0.0	0.0	0.0	0.0	0.0	0.0	0.0	0.0	0.0	1.0	0.0	0.0	0.0	0.0	1.0	0.0	2.0	0.0	1.0	0.0	1.0	0.0	1.0	0.0	0.0
SA569386	0.0	0.0	0.0	0.0	0.0	0.0	3.0	4.0	0.0	2.0	2.0	1.0	0.0	0.0	0.0	10.0	3.0	6.0	8.0	24.0	19.0	98.0	12.0	7.0	38.0	6.0	3.0	27.0	7.0	8.0	4.0	71.0
SA569392	0.0	0.0	0.0	0.0	0.0	0.0	0.0	0.0	0.0	0.0	0.0	0.0	0.0	0.0	0.0	0.0	2.0	13.0	4.0	6.0	3.0	0.0	3.0	5.0	0.0	1.0	3.0	0.0	6.0	10.0	2.0	14.0
SA569406	0.0	0.0	0.0	0.0	0.0	0.0	0.0	0.0	0.0	0.0	0.0	0.0	0.0	0.0	0.0	0.0	0.0	1.0	2.0	21.0	2.0	49.0	6.0	4.0	47.0	4.0	2.0	17.0	4.0	12.0	0.0	25.0
SA569416	6.0	13.0	6.0	3.0	2.0	2.0	1.0	7.0	3.0	5.0	10.0	2.0	0.0	4.0	1.0	16.0	13.0	25.0	9.0	9.0	8.0	4.0	7.0	6.0	3.0	17.0	10.0	16.0	6.0	12.0	3.0	42.0
SA569422	0.0	0.0	0.0	0.0	0.0	0.0	0.0	0.0	0.0	0.0	0.0	0.0	0.0	0.0	0.0	0.0	2.0	2.0	10.0	4.0	6.0	3.0	0.0	1.0	11.0	7.0	8.0	31.0	5.0	6.0	3.0	14.0
SA569429	0.0	0.0	0.0	0.0	0.0	0.0	0.0	0.0	0.0	0.0	0.0	0.0	0.0	0.0	0.0	0.0	4.0	6.0	5.0	13.0	19.0	2.0	17.0	7.0	1.0	13.0	4.0	2.0	3.0	5.0	1.0	18.0
SA569436	0.0	0.0	0.0	0.0	0.0	0.0	0.0	0.0	0.0	0.0	0.0	0.0	0.0	0.0	0.0	0.0	1.0	3.0	3.0	20.0	7.0	1.0	9.0	4.0	6.0	4.0	2.0	7.0	5.0	10.0	6.0	9.0
SA569442	0.0	0.0	0.0	0.0	0.0	0.0	0.0	0.0	0.0	0.0	0.0	0.0	0.0	0.0	0.0	0.0	1.0	2.0	2.0	15.0	3.0	16.0	6.0	4.0	10.0	0.0	3.0	9.0	3.0	4.0	2.0	19.0
SA569450	1.0	6.0	2.0	2.0	2.0	1.0	0.0	1.0	0.0	0.0	2.0	1.0	0.0	0.0	1.0	22.0	2.0	7.0	4.0	1.0	9.0	4.0	5.0	7.0	12.0	8.0	4.0	15.0	6.0	8.0	7.0	38.0
SA569460	0.0	0.0	0.0	1.0	0.0	0.0	0.0	0.0	0.0	1.0	0.0	0.0	2.0	1.0	2.0	0.0	3.0	11.0	3.0	10.0	3.0	0.0	7.0	6.0	1.0	9.0	10.0	4.0	3.0	8.0	1.0	7.0
SA569469	0.0	0.0	0.0	0.0	0.0	0.0	0.0	0.0	0.0	0.0	0.0	0.0	0.0	0.0	0.0	0.0	4.0	6.0	74.0	2.0	8.0	1.0	3.0	3.0	25.0	5.0	8.0	152.0	1.0	3.0	1.0	25.0
SA569478	1.0	2.0	2.0	0.0	6.0	1.0	0.0	1.0	0.0	1.0	3.0	2.0	0.0	0.0	0.0	36.0	6.0	7.0	4.0	2.0	39.0	0.0	1.0	6.0	0.0	1.0	4.0	8.0	4.0	4.0	3.0	81.0
SA569485	8.0	2.0	1.0	0.0	0.0	0.0	0.0	0.0	0.0	0.0	1.0	1.0	3.0	6.0	0.0	0.0	9.0	13.0	3.0	4.0	10.0	0.0	1.0	7.0	3.0	7.0	8.0	4.0	14.0	8.0	13.0	19.0
SA569495	0.0	1.0	0.0	0.0	0.0	0.0	1.0	1.0	0.0	1.0	4.0	1.0	0.0	0.0	0.0	0.0	8.0	4.0	6.0	26.0	9.0	217.0	6.0	3.0	179.0	4.0	4.0	18.0	1.0	8.0	7.0	96.0
SA569503	0.0	0.0	0.0	0.0	0.0	0.0	0.0	0.0	0.0	0.0	0.0	0.0	0.0	0.0	0.0	0.0	1.0	5.0	2.0	37.0	12.0	0.0	12.0	4.0	1.0	1.0	4.0	1.0	3.0	10.0	1.0	30.0
SA569510	0.0	0.0	0.0	0.0	0.0	0.0	0.0	0.0	0.0	0.0	0.0	0.0	0.0	0.0	0.0	0.0	3.0	4.0	2.0	7.0	0.0	0.0	3.0	0.0	1.0	4.0	3.0	4.0	1.0	5.0	1.0	1.0
SA569527	0.0	0.0	0.0	0.0	0.0	0.0	0.0	0.0	0.0	0.0	0.0	0.0	0.0	0.0	0.0	0.0	1.0	5.0	5.0	16.0	4.0	31.0	9.0	6.0	24.0	4.0	5.0	20.0	6.0	9.0	2.0	41.0
SA569538	0.0	0.0	0.0	0.0	0.0	1.0	0.0	0.0	0.0	0.0	0.0	2.0	0.0	0.0	0.0	5.0	2.0	2.0	3.0	10.0	8.0	212.0	16.0	3.0	69.0	7.0	0.0	13.0	11.0	11.0	6.0	71.0
SA569545	1.0	1.0	3.0	0.0	1.0	0.0	0.0	2.0	2.0	1.0	3.0	1.0	1.0	3.0	1.0	16.0	16.0	40.0	15.0	7.0	14.0	0.0	6.0	12.0	6.0	3.0	10.0	5.0	7.0	21.0	8.0	39.0
SA569557	0.0	0.0	0.0	0.0	0.0	0.0	0.0	0.0	0.0	0.0	0.0	0.0	0.0	0.0	0.0	0.0	1.0	4.0	2.0	3.0	4.0	0.0	7.0	1.0	1.0	5.0	2.0	1.0	2.0	0.0	0.0	5.0
SA569570	0.0	0.0	0.0	0.0	0.0	0.0	0.0	0.0	0.0	0.0	0.0	0.0	0.0	0.0	0.0	0.0	3.0	6.0	11.0	30.0	6.0	130.0	22.0	1.0	49.0	12.0	2.0	65.0	8.0	20.0	12.0	108.0
SA569575	0.0	0.0	0.0	0.0	0.0	0.0	0.0	0.0	0.0	0.0	0.0	0.0	0.0	0.0	0.0	0.0	3.0	3.0	2.0	15.0	6.0	183.0	5.0	4.0	69.0	8.0	5.0	9.0	9.0	6.0	7.0	52.0
SA569581	0.0	0.0	0.0	0.0	0.0	0.0	0.0	0.0	0.0	0.0	0.0	0.0	0.0	0.0	0.0	0.0	2.0	9.0	2.0	24.0	7.0	99.0	18.0	2.0	114.0	8.0	6.0	35.0	6.0	7.0	5.0	72.0
SA569588	0.0	0.0	0.0	0.0	0.0	0.0	0.0	0.0	0.0	0.0	0.0	0.0	0.0	0.0	0.0	0.0	4.0	0.0	3.0	18.0	5.0	111.0	15.0	5.0	36.0	4.0	2.0	13.0	2.0	5.0	0.0	48.0
SA569593	0.0	0.0	0.0	0.0	0.0	0.0	0.0	0.0	0.0	0.0	0.0	0.0	0.0	0.0	0.0	0.0	3.0	7.0	2.0	43.0	5.0	79.0	30.0	7.0	100.0	8.0	5.0	22.0	4.0	3.0	4.0	65.0
SA569600	1.0	3.0	0.0	0.0	4.0	1.0	3.0	2.0	0.0	1.0	3.0	7.0	0.0	2.0	0.0	56.0	20.0	42.0	20.0	39.0	17.0	11.0	63.0	17.0	20.0	47.0	16.0	50.0	14.0	19.0	7.0	106.0
SA569605	0.0	0.0	0.0	0.0	0.0	0.0	0.0	0.0	0.0	0.0	0.0	0.0	0.0	0.0	0.0	0.0	2.0	1.0	0.0	0.0	1.0	0.0	1.0	0.0	0.0	0.0	1.0	0.0	0.0	0.0	0.0	6.0
SA569611	0.0	0.0	0.0	0.0	0.0	0.0	0.0	0.0	0.0	0.0	0.0	0.0	0.0	0.0	0.0	0.0	6.0	11.0	4.0	11.0	15.0	0.0	18.0	1.0	8.0	14.0	3.0	6.0	1.0	2.0	1.0	28.0
SA569620	0.0	0.0	0.0	0.0	0.0	0.0	0.0	0.0	0.0	0.0	0.0	0.0	0.0	0.0	0.0	0.0	13.0	22.0	4.0	56.0	18.0	15.0	20.0	1.0	50.0	10.0	6.0	6.0	17.0	35.0	12.0	92.0
SA569630	0.0	0.0	0.0	0.0	0.0	0.0	0.0	0.0	0.0	0.0	0.0	0.0	0.0	0.0	0.0	0.0	3.0	2.0	1.0	48.0	11.0	1.0	51.0	2.0	6.0	48.0	6.0	4.0	6.0	14.0	4.0	40.0
SA569637	0.0	0.0	0.0	0.0	0.0	0.0	0.0	0.0	0.0	0.0	0.0	0.0	0.0	0.0	0.0	0.0	8.0	12.0	8.0	0.0	8.0	1.0	2.0	1.0	3.0	5.0	4.0	16.0	3.0	5.0	2.0	27.0
SA569643	0.0	0.0	0.0	0.0	0.0	0.0	0.0	0.0	0.0	0.0	0.0	0.0	0.0	0.0	0.0	0.0	2.0	7.0	2.0	14.0	5.0	1.0	10.0	2.0	2.0	4.0	4.0	4.0	3.0	11.0	4.0	51.0
SA569655	1.0	1.0	0.0	4.0	3.0	0.0	0.0	6.0	5.0	1.0	4.0	12.0	0.0	0.0	0.0	7.0	13.0	18.0	14.0	28.0	20.0	9.0	22.0	24.0	59.0	23.0	14.0	101.0	9.0	32.0	12.0	69.0
SA569662	0.0	0.0	0.0	0.0	0.0	0.0	0.0	0.0	0.0	0.0	0.0	0.0	0.0	0.0	0.0	0.0	3.0	3.0	5.0	38.0	6.0	4.0	22.0	6.0	3.0	5.0	3.0	17.0	8.0	7.0	7.0	26.0
SA569667	0.0	0.0	0.0	0.0	0.0	0.0	0.0	0.0	0.0	0.0	0.0	0.0	0.0	0.0	0.0	0.0	5.0	11.0	4.0	33.0	11.0	33.0	23.0	8.0	31.0	7.0	8.0	2.0	5.0	18.0	5.0	80.0
SA569674	0.0	0.0	0.0	0.0	0.0	0.0	0.0	0.0	0.0	0.0	0.0	0.0	0.0	0.0	0.0	0.0	3.0	3.0	2.0	25.0	11.0	103.0	7.0	2.0	161.0	4.0	4.0	23.0	6.0	9.0	6.0	59.0
SA569682	0.0	0.0	0.0	0.0	0.0	0.0	0.0	0.0	0.0	0.0	0.0	0.0	0.0	0.0	0.0	0.0	2.0	0.0	7.0	55.0	8.0	5.0	28.0	5.0	28.0	6.0	4.0	7.0	3.0	8.0	4.0	45.0
SA569687	0.0	0.0	2.0	0.0	2.0	1.0	2.0	4.0	2.0	2.0	2.0	12.0	0.0	1.0	0.0	8.0	8.0	17.0	17.0	11.0	6.0	3.0	28.0	5.0	32.0	10.0	8.0	63.0	2.0	15.0	7.0	45.0
SA569693	0.0	0.0	0.0	0.0	0.0	0.0	0.0	0.0	0.0	0.0	0.0	0.0	0.0	0.0	0.0	0.0	2.0	2.0	4.0	5.0	1.0	7.0	9.0	5.0	19.0	6.0	3.0	15.0	4.0	5.0	2.0	8.0
SA569700	0.0	0.0	0.0	0.0	0.0	0.0	0.0	1.0	1.0	0.0	0.0	0.0	1.0	2.0	0.0	2.0	5.0	2.0	0.0	1.0	0.0	0.0	1.0	0.0	0.0	1.0	0.0	5.0	1.0	2.0	5.0	17.0
SA569707	11.0	35.0	11.0	0.0	0.0	0.0	1.0	1.0	1.0	5.0	14.0	6.0	9.0	9.0	9.0	0.0	3.0	5.0	5.0	2.0	0.0	0.0	1.0	0.0	0.0	1.0	2.0	14.0	0.0	0.0	0.0	1.0
SA569712	0.0	0.0	0.0	0.0	0.0	0.0	0.0	0.0	0.0	0.0	0.0	0.0	0.0	0.0	0.0	0.0	7.0	9.0	3.0	20.0	8.0	202.0	7.0	6.0	102.0	8.0	4.0	3.0	3.0	10.0	1.0	140.0
SA569721	0.0	0.0	0.0	0.0	0.0	0.0	0.0	0.0	0.0	0.0	0.0	0.0	0.0	0.0	0.0	0.0	2.0	0.0	7.0	30.0	2.0	27.0	34.0	7.0	25.0	27.0	2.0	14.0	6.0	6.0	4.0	35.0
SA569730	0.0	0.0	0.0	0.0	0.0	0.0	0.0	0.0	0.0	0.0	0.0	0.0	0.0	0.0	0.0	0.0	5.0	8.0	5.0	25.0	6.0	57.0	10.0	1.0	20.0	5.0	2.0	11.0	2.0	3.0	2.0	61.0
SA569735	0.0	0.0	0.0	0.0	0.0	0.0	2.0	0.0	0.0	2.0	1.0	0.0	0.0	0.0	0.0	0.0	4.0	1.0	1.0	9.0	9.0	1.0	15.0	4.0	7.0	12.0	4.0	28.0	1.0	5.0	1.0	12.0
SA569741	0.0	0.0	0.0	0.0	0.0	0.0	0.0	0.0	0.0	0.0	0.0	0.0	0.0	0.0	0.0	0.0	2.0	7.0	6.0	17.0	1.0	85.0	10.0	3.0	103.0	6.0	2.0	24.0	1.0	10.0	5.0	50.0
SA569745	0.0	0.0	0.0	0.0	0.0	0.0	0.0	0.0	0.0	0.0	0.0	0.0	0.0	0.0	0.0	0.0	2.0	4.0	24.0	14.0	7.0	90.0	6.0	6.0	105.0	8.0	6.0	114.0	3.0	8.0	4.0	69.0
SA569750	0.0	0.0	0.0	0.0	0.0	0.0	0.0	0.0	0.0	0.0	0.0	0.0	0.0	0.0	0.0	0.0	0.0	2.0	17.0	4.0	5.0	3.0	1.0	6.0	43.0	6.0	1.0	44.0	1.0	3.0	2.0	6.0
SA569756	0.0	0.0	0.0	0.0	0.0	0.0	0.0	0.0	0.0	0.0	0.0	0.0	0.0	0.0	0.0	0.0	3.0	7.0	27.0	29.0	5.0	33.0	15.0	3.0	29.0	2.0	1.0	12.0	5.0	7.0	9.0	34.0
SA569762	0.0	0.0	0.0	0.0	0.0	0.0	0.0	0.0	0.0	0.0	0.0	0.0	0.0	0.0	0.0	0.0	10.0	6.0	6.0	24.0	8.0	100.0	13.0	9.0	57.0	3.0	4.0	16.0	4.0	26.0	5.0	69.0
SA569768	0.0	0.0	0.0	0.0	0.0	0.0	0.0	0.0	0.0	0.0	0.0	0.0	0.0	0.0	0.0	0.0	10.0	22.0	7.0	17.0	11.0	32.0	20.0	7.0	13.0	12.0	5.0	9.0	12.0	35.0	19.0	43.0
SA569775	0.0	0.0	0.0	0.0	0.0	0.0	0.0	0.0	0.0	0.0	0.0	0.0	0.0	0.0	0.0	0.0	2.0	6.0	11.0	32.0	10.0	98.0	4.0	1.0	92.0	1.0	1.0	26.0	4.0	13.0	8.0	92.0
SA569782	0.0	0.0	0.0	0.0	0.0	0.0	0.0	0.0	0.0	0.0	0.0	0.0	0.0	0.0	0.0	0.0	11.0	15.0	11.0	7.0	8.0	0.0	27.0	7.0	1.0	11.0	3.0	4.0	38.0	59.0	23.0	21.0
SA569789	0.0	0.0	0.0	0.0	0.0	0.0	0.0	0.0	0.0	0.0	0.0	0.0	0.0	0.0	0.0	0.0	1.0	5.0	1.0	7.0	4.0	42.0	2.0	1.0	26.0	1.0	3.0	6.0	5.0	5.0	4.0	17.0
SA569796	0.0	0.0	0.0	0.0	0.0	0.0	0.0	0.0	0.0	0.0	0.0	0.0	0.0	0.0	0.0	0.0	1.0	5.0	2.0	3.0	0.0	40.0	6.0	1.0	11.0	2.0	0.0	7.0	0.0	3.0	1.0	12.0
SA569801	0.0	0.0	0.0	0.0	0.0	0.0	0.0	0.0	0.0	0.0	0.0	0.0	0.0	0.0	0.0	0.0	2.0	3.0	0.0	1.0	0.0	0.0	1.0	1.0	0.0	1.0	1.0	1.0	1.0	0.0	0.0	4.0
SA569807	0.0	0.0	0.0	0.0	2.0	2.0	0.0	0.0	0.0	0.0	0.0	1.0	0.0	0.0	0.0	0.0	4.0	17.0	7.0	35.0	35.0	721.0	17.0	14.0	76.0	15.0	11.0	10.0	11.0	16.0	5.0	222.0
SA569812	0.0	0.0	0.0	0.0	0.0	0.0	0.0	0.0	0.0	0.0	0.0	0.0	0.0	0.0	0.0	0.0	3.0	11.0	22.0	23.0	9.0	80.0	26.0	2.0	30.0	8.0	6.0	30.0	4.0	18.0	3.0	47.0
SA569818	8.0	18.0	5.0	1.0	3.0	0.0	2.0	0.0	1.0	3.0	8.0	2.0	1.0	4.0	1.0	80.0	3.0	7.0	1.0	11.0	15.0	1.0	4.0	5.0	2.0	3.0	4.0	7.0	6.0	8.0	2.0	17.0
SA569824	0.0	0.0	0.0	0.0	0.0	0.0	0.0	0.0	0.0	0.0	0.0	0.0	0.0	0.0	0.0	0.0	4.0	4.0	4.0	42.0	8.0	79.0	19.0	13.0	26.0	7.0	2.0	9.0	2.0	8.0	5.0	46.0
SA569830	0.0	0.0	0.0	0.0	0.0	0.0	0.0	0.0	0.0	0.0	0.0	0.0	0.0	0.0	0.0	0.0	4.0	1.0	2.0	6.0	3.0	54.0	6.0	3.0	22.0	5.0	0.0	8.0	0.0	6.0	3.0	22.0
SA569836	0.0	0.0	0.0	0.0	0.0	0.0	0.0	0.0	0.0	0.0	0.0	0.0	0.0	0.0	0.0	0.0	4.0	3.0	1.0	3.0	4.0	0.0	4.0	0.0	1.0	2.0	3.0	0.0	5.0	6.0	2.0	11.0
SA569844	0.0	0.0	0.0	0.0	0.0	0.0	0.0	0.0	0.0	0.0	0.0	0.0	0.0	0.0	0.0	0.0	1.0	6.0	4.0	0.0	1.0	0.0	4.0	0.0	1.0	5.0	4.0	2.0	7.0	9.0	2.0	3.0
SA569850	0.0	0.0	0.0	0.0	1.0	0.0	0.0	0.0	0.0	0.0	1.0	0.0	0.0	0.0	0.0	8.0	24.0	35.0	19.0	10.0	19.0	0.0	21.0	8.0	7.0	17.0	9.0	19.0	5.0	16.0	11.0	26.0
SA569857	0.0	0.0	0.0	0.0	0.0	0.0	0.0	0.0	0.0	0.0	0.0	0.0	0.0	0.0	0.0	0.0	2.0	4.0	2.0	24.0	3.0	41.0	18.0	1.0	18.0	19.0	1.0	5.0	9.0	6.0	2.0	29.0
SA569862	0.0	0.0	0.0	0.0	0.0	0.0	0.0	0.0	0.0	0.0	0.0	0.0	0.0	0.0	0.0	0.0	2.0	6.0	6.0	2.0	1.0	0.0	2.0	1.0	4.0	2.0	2.0	17.0	4.0	4.0	3.0	4.0
SA569867	0.0	0.0	0.0	0.0	0.0	0.0	0.0	2.0	0.0	1.0	3.0	2.0	0.0	0.0	0.0	1.0	7.0	7.0	6.0	67.0	16.0	77.0	29.0	11.0	55.0	5.0	8.0	12.0	12.0	31.0	14.0	80.0
SA569871	0.0	0.0	0.0	0.0	0.0	0.0	0.0	0.0	0.0	0.0	0.0	0.0	0.0	0.0	0.0	0.0	8.0	16.0	11.0	26.0	8.0	260.0	35.0	5.0	83.0	34.0	6.0	65.0	6.0	18.0	4.0	82.0
SA569875	1.0	3.0	0.0	0.0	7.0	0.0	1.0	6.0	0.0	2.0	5.0	4.0	0.0	1.0	0.0	10.0	2.0	2.0	3.0	2.0	6.0	0.0	8.0	4.0	3.0	2.0	3.0	1.0	0.0	3.0	2.0	12.0
SA569880	0.0	0.0	0.0	0.0	0.0	0.0	0.0	0.0	0.0	0.0	0.0	0.0	0.0	0.0	0.0	0.0	12.0	11.0	6.0	19.0	19.0	3.0	31.0	7.0	5.0	26.0	4.0	4.0	4.0	11.0	2.0	33.0
SA569884	0.0	0.0	0.0	0.0	0.0	0.0	0.0	0.0	0.0	0.0	0.0	0.0	0.0	0.0	0.0	0.0	13.0	9.0	6.0	0.0	4.0	0.0	2.0	0.0	1.0	4.0	6.0	6.0	5.0	19.0	4.0	34.0
SA569888	4.0	11.0	5.0	2.0	1.0	0.0	0.0	2.0	0.0	3.0	1.0	2.0	3.0	3.0	2.0	29.0	12.0	39.0	18.0	9.0	7.0	0.0	7.0	3.0	4.0	5.0	6.0	9.0	12.0	25.0	13.0	56.0
SA569892	0.0	0.0	0.0	0.0	0.0	0.0	0.0	0.0	0.0	0.0	0.0	0.0	0.0	0.0	0.0	0.0	12.0	7.0	193.0	8.0	7.0	8.0	12.0	4.0	36.0	16.0	13.0	225.0	2.0	19.0	4.0	41.0
SA569896	0.0	0.0	0.0	0.0	0.0	0.0	0.0	0.0	0.0	0.0	0.0	0.0	0.0	0.0	0.0	0.0	8.0	11.0	11.0	58.0	9.0	133.0	46.0	5.0	62.0	11.0	4.0	24.0	4.0	8.0	4.0	115.0
SA569900	0.0	0.0	0.0	0.0	0.0	0.0	0.0	0.0	0.0	0.0	0.0	0.0	0.0	0.0	0.0	0.0	2.0	1.0	1.0	8.0	28.0	31.0	8.0	7.0	12.0	1.0	0.0	4.0	4.0	7.0	1.0	24.0
SA569903	0.0	0.0	0.0	0.0	0.0	0.0	0.0	0.0	0.0	0.0	0.0	0.0	0.0	0.0	0.0	0.0	0.0	2.0	0.0	4.0	5.0	2.0	8.0	3.0	7.0	2.0	2.0	6.0	1.0	3.0	1.0	3.0
SA569907	7.0	20.0	11.0	0.0	0.0	0.0	0.0	0.0	0.0	2.0	5.0	3.0	1.0	1.0	1.0	5.0	5.0	5.0	9.0	26.0	4.0	44.0	28.0	0.0	32.0	3.0	0.0	11.0	6.0	4.0	2.0	56.0
SA569910	0.0	0.0	0.0	0.0	0.0	0.0	0.0	0.0	0.0	0.0	0.0	0.0	0.0	0.0	0.0	0.0	6.0	11.0	5.0	8.0	5.0	1.0	3.0	1.0	6.0	8.0	4.0	10.0	18.0	28.0	9.0	18.0
SA569914	0.0	0.0	0.0	0.0	0.0	0.0	0.0	0.0	0.0	0.0	0.0	0.0	0.0	0.0	0.0	0.0	0.0	0.0	0.0	2.0	0.0	0.0	0.0	0.0	0.0	0.0	0.0	0.0	0.0	0.0	0.0	0.0
SA569918	0.0	0.0	0.0	1.0	1.0	0.0	0.0	0.0	1.0	0.0	2.0	1.0	0.0	0.0	0.0	0.0	3.0	0.0	1.0	2.0	1.0	0.0	0.0	0.0	0.0	2.0	0.0	0.0	1.0	2.0	0.0	6.0
SA569923	0.0	0.0	0.0	0.0	0.0	0.0	0.0	0.0	0.0	0.0	0.0	0.0	0.0	0.0	0.0	0.0	0.0	2.0	4.0	22.0	1.0	1.0	6.0	3.0	5.0	1.0	0.0	2.0	5.0	4.0	1.0	33.0
SA569927	0.0	0.0	0.0	0.0	0.0	0.0	0.0	0.0	0.0	0.0	0.0	0.0	0.0	0.0	0.0	0.0	2.0	4.0	0.0	23.0	2.0	0.0	12.0	0.0	2.0	1.0	1.0	5.0	4.0	3.0	5.0	31.0
SA569931	0.0	0.0	0.0	0.0	0.0	0.0	0.0	0.0	0.0	0.0	0.0	0.0	0.0	0.0	0.0	0.0	0.0	2.0	1.0	5.0	2.0	0.0	5.0	2.0	0.0	1.0	0.0	3.0	3.0	1.0	1.0	7.0
SA569936	2.0	7.0	3.0	1.0	0.0	0.0	0.0	0.0	1.0	0.0	1.0	0.0	0.0	0.0	0.0	4.0	18.0	26.0	11.0	68.0	17.0	1.0	50.0	8.0	3.0	5.0	7.0	12.0	5.0	10.0	4.0	69.0
SA569941	0.0	0.0	0.0	0.0	0.0	0.0	0.0	0.0	0.0	0.0	0.0	0.0	0.0	0.0	0.0	0.0	4.0	4.0	0.0	17.0	6.0	0.0	9.0	4.0	1.0	1.0	1.0	3.0	5.0	9.0	3.0	7.0
SA569944	0.0	0.0	0.0	0.0	0.0	0.0	0.0	0.0	0.0	0.0	0.0	0.0	0.0	0.0	0.0	0.0	1.0	2.0	2.0	21.0	10.0	3.0	15.0	0.0	0.0	7.0	0.0	1.0	7.0	7.0	1.0	25.0
SA569952	0.0	0.0	0.0	0.0	0.0	0.0	0.0	0.0	0.0	0.0	0.0	0.0	0.0	0.0	0.0	0.0	1.0	0.0	0.0	2.0	0.0	1.0	0.0	0.0	1.0	0.0	1.0	1.0	1.0	0.0	0.0	0.0
SA569956	15.0	23.0	17.0	1.0	4.0	1.0	3.0	7.0	2.0	5.0	4.0	5.0	18.0	24.0	19.0	147.0	5.0	20.0	3.0	1.0	8.0	0.0	3.0	2.0	0.0	0.0	0.0	2.0	10.0	15.0	4.0	35.0
SA569960	1.0	1.0	0.0	1.0	1.0	0.0	0.0	0.0	0.0	1.0	2.0	2.0	0.0	0.0	0.0	0.0	10.0	10.0	5.0	1.0	7.0	0.0	2.0	5.0	6.0	5.0	9.0	5.0	12.0	14.0	8.0	8.0
SA569965	0.0	0.0	0.0	0.0	0.0	0.0	0.0	0.0	0.0	0.0	0.0	0.0	0.0	0.0	0.0	0.0	0.0	0.0	0.0	3.0	2.0	0.0	1.0	0.0	2.0	1.0	0.0	0.0	0.0	1.0	0.0	9.0
SA569968	8.0	8.0	8.0	2.0	4.0	1.0	2.0	3.0	0.0	1.0	2.0	2.0	3.0	12.0	3.0	45.0	20.0	29.0	13.0	3.0	3.0	1.0	2.0	2.0	1.0	4.0	9.0	1.0	15.0	32.0	12.0	58.0
SA569972	0.0	0.0	0.0	0.0	0.0	0.0	0.0	0.0	0.0	0.0	0.0	0.0	0.0	0.0	0.0	0.0	3.0	1.0	0.0	17.0	5.0	2.0	7.0	1.0	1.0	1.0	0.0	0.0	2.0	3.0	0.0	19.0
SA569976	0.0	4.0	1.0	1.0	0.0	0.0	0.0	1.0	0.0	0.0	1.0	0.0	0.0	0.0	0.0	8.0	9.0	4.0	2.0	4.0	0.0	0.0	2.0	0.0	0.0	3.0	3.0	5.0	0.0	1.0	1.0	19.0
SA569981	0.0	0.0	0.0	0.0	0.0	0.0	0.0	0.0	0.0	0.0	0.0	0.0	0.0	0.0	0.0	0.0	1.0	0.0	0.0	0.0	0.0	0.0	0.0	0.0	0.0	0.0	0.0	0.0	0.0	0.0	0.0	0.0
SA569985	0.0	0.0	0.0	0.0	0.0	0.0	0.0	0.0	0.0	0.0	0.0	0.0	0.0	0.0	0.0	0.0	5.0	8.0	6.0	0.0	1.0	0.0	1.0	1.0	0.0	3.0	2.0	0.0	0.0	3.0	0.0	2.0
SA569989	0.0	0.0	0.0	1.0	1.0	0.0	0.0	0.0	0.0	0.0	0.0	0.0	0.0	1.0	0.0	7.0	4.0	7.0	3.0	1.0	2.0	0.0	2.0	1.0	1.0	2.0	4.0	0.0	1.0	6.0	2.0	15.0
SA569993	0.0	0.0	0.0	0.0	0.0	0.0	0.0	0.0	0.0	0.0	0.0	0.0	0.0	0.0	0.0	0.0	0.0	2.0	0.0	0.0	0.0	0.0	0.0	0.0	0.0	0.0	0.0	0.0	2.0	8.0	2.0	7.0
SA569997	0.0	0.0	0.0	0.0	0.0	0.0	0.0	0.0	0.0	0.0	0.0	0.0	0.0	0.0	0.0	0.0	1.0	9.0	3.0	1.0	1.0	1.0	1.0	2.0	0.0	3.0	1.0	2.0	0.0	2.0	3.0	16.0
SA570001	0.0	0.0	0.0	0.0	0.0	0.0	0.0	0.0	0.0	0.0	0.0	0.0	0.0	0.0	0.0	0.0	7.0	15.0	3.0	5.0	25.0	1.0	9.0	8.0	3.0	6.0	6.0	2.0	6.0	12.0	5.0	37.0
SA570004	0.0	1.0	0.0	0.0	0.0	0.0	0.0	0.0	0.0	0.0	0.0	0.0	0.0	1.0	2.0	6.0	14.0	24.0	5.0	2.0	3.0	1.0	4.0	7.0	5.0	6.0	3.0	14.0	14.0	38.0	14.0	39.0
SA570010	0.0	2.0	0.0	0.0	0.0	0.0	0.0	0.0	0.0	1.0	1.0	0.0	0.0	0.0	2.0	9.0	0.0	4.0	0.0	3.0	2.0	1.0	1.0	1.0	0.0	3.0	6.0	1.0	2.0	5.0	1.0	15.0
SA570013	4.0	6.0	1.0	0.0	0.0	0.0	0.0	1.0	0.0	0.0	0.0	0.0	0.0	2.0	1.0	1.0	10.0	6.0	3.0	31.0	2.0	0.0	16.0	0.0	3.0	7.0	4.0	3.0	2.0	7.0	2.0	30.0
SA570018	0.0	0.0	0.0	0.0	0.0	0.0	0.0	0.0	0.0	0.0	0.0	0.0	0.0	0.0	0.0	0.0	2.0	4.0	6.0	1.0	0.0	0.0	0.0	1.0	1.0	1.0	4.0	13.0	2.0	4.0	1.0	3.0
SA570021	0.0	0.0	0.0	0.0	0.0	0.0	0.0	0.0	0.0	0.0	0.0	0.0	0.0	0.0	0.0	0.0	2.0	5.0	0.0	0.0	2.0	0.0	0.0	0.0	0.0	2.0	0.0	1.0	0.0	0.0	0.0	5.0
SA570025	6.0	8.0	6.0	1.0	1.0	1.0	1.0	1.0	0.0	3.0	3.0	4.0	0.0	2.0	3.0	0.0	3.0	11.0	3.0	4.0	0.0	0.0	1.0	1.0	0.0	1.0	1.0	0.0	3.0	0.0	8.0	7.0
SA570029	0.0	1.0	0.0	0.0	1.0	0.0	1.0	0.0	0.0	1.0	1.0	0.0	0.0	0.0	0.0	1.0	1.0	6.0	0.0	1.0	1.0	0.0	1.0	0.0	1.0	2.0	4.0	1.0	1.0	2.0	0.0	5.0
SA570033	0.0	1.0	0.0	0.0	0.0	0.0	0.0	0.0	0.0	0.0	0.0	0.0	0.0	0.0	0.0	11.0	23.0	57.0	29.0	21.0	13.0	60.0	29.0	10.0	26.0	14.0	23.0	16.0	35.0	42.0	43.0	91.0
SA570038	5.0	6.0	4.0	0.0	3.0	0.0	3.0	7.0	2.0	9.0	11.0	3.0	0.0	0.0	0.0	15.0	8.0	24.0	6.0	2.0	4.0	2.0	0.0	2.0	0.0	4.0	10.0	1.0	1.0	9.0	5.0	26.0
SA570041	0.0	0.0	0.0	0.0	0.0	0.0	0.0	0.0	0.0	0.0	0.0	0.0	0.0	0.0	0.0	0.0	2.0	12.0	4.0	2.0	2.0	1.0	0.0	1.0	2.0	6.0	2.0	2.0	4.0	6.0	0.0	39.0
SA570045	0.0	0.0	0.0	0.0	0.0	0.0	0.0	0.0	0.0	0.0	0.0	0.0	0.0	0.0	0.0	0.0	0.0	2.0	1.0	7.0	0.0	0.0	1.0	0.0	1.0	0.0	0.0	0.0	6.0	6.0	6.0	55.0
SA570050	17.0	37.0	9.0	3.0	3.0	1.0	2.0	3.0	1.0	11.0	9.0	4.0	18.0	32.0	15.0	45.0	8.0	19.0	6.0	0.0	4.0	1.0	4.0	0.0	0.0	4.0	3.0	2.0	3.0	17.0	11.0	14.0
SA570055	0.0	0.0	0.0	1.0	1.0	0.0	0.0	0.0	0.0	0.0	0.0	0.0	0.0	2.0	3.0	0.0	8.0	20.0	12.0	5.0	24.0	2.0	3.0	6.0	2.0	11.0	12.0	7.0	8.0	15.0	10.0	71.0
SA570059	0.0	0.0	0.0	0.0	0.0	0.0	0.0	0.0	0.0	0.0	0.0	0.0	0.0	0.0	0.0	0.0	5.0	8.0	3.0	1.0	3.0	0.0	0.0	2.0	1.0	4.0	2.0	1.0	1.0	6.0	1.0	5.0
SA570062	0.0	0.0	0.0	0.0	0.0	0.0	0.0	0.0	0.0	0.0	0.0	0.0	0.0	0.0	0.0	0.0	0.0	1.0	0.0	0.0	1.0	1.0	0.0	0.0	0.0	0.0	0.0	0.0	0.0	0.0	0.0	0.0
SA570070	0.0	0.0	0.0	0.0	0.0	0.0	0.0	0.0	0.0	0.0	0.0	0.0	0.0	0.0	0.0	0.0	3.0	0.0	0.0	0.0	0.0	0.0	1.0	1.0	1.0	0.0	0.0	0.0	3.0	2.0	0.0	12.0
SA570078	0.0	0.0	0.0	0.0	0.0	0.0	0.0	0.0	0.0	0.0	0.0	0.0	0.0	0.0	0.0	0.0	2.0	3.0	4.0	1.0	3.0	0.0	1.0	2.0	2.0	4.0	4.0	2.0	3.0	6.0	1.0	12.0
SA570082	0.0	3.0	0.0	0.0	1.0	0.0	0.0	1.0	0.0	0.0	1.0	0.0	1.0	5.0	0.0	7.0	15.0	48.0	13.0	9.0	7.0	2.0	3.0	8.0	2.0	9.0	15.0	7.0	25.0	41.0	20.0	50.0
SA570087	2.0	5.0	2.0	0.0	2.0	1.0	0.0	0.0	0.0	0.0	0.0	1.0	0.0	0.0	0.0	0.0	3.0	7.0	7.0	1.0	0.0	0.0	2.0	1.0	1.0	1.0	1.0	1.0	0.0	1.0	0.0	7.0
SA570090	0.0	0.0	0.0	0.0	0.0	0.0	0.0	0.0	0.0	0.0	0.0	0.0	0.0	0.0	0.0	0.0	4.0	9.0	3.0	2.0	1.0	0.0	2.0	1.0	1.0	1.0	1.0	5.0	2.0	5.0	0.0	15.0
SA570094	0.0	0.0	0.0	0.0	0.0	0.0	0.0	0.0	0.0	0.0	0.0	0.0	0.0	0.0	0.0	0.0	3.0	7.0	2.0	4.0	6.0	0.0	1.0	6.0	0.0	2.0	4.0	3.0	3.0	3.0	4.0	6.0
SA570099	1.0	1.0	0.0	0.0	0.0	0.0	0.0	0.0	0.0	1.0	1.0	2.0	0.0	0.0	0.0	0.0	11.0	23.0	6.0	3.0	8.0	0.0	3.0	3.0	1.0	11.0	5.0	5.0	10.0	22.0	4.0	20.0
SA570102	0.0	0.0	0.0	0.0	0.0	0.0	0.0	0.0	0.0	0.0	0.0	0.0	0.0	0.0	0.0	0.0	0.0	0.0	0.0	0.0	0.0	0.0	0.0	0.0	0.0	0.0	0.0	1.0	0.0	0.0	0.0	1.0
SA570106	0.0	0.0	0.0	0.0	0.0	0.0	0.0	0.0	0.0	0.0	0.0	0.0	0.0	0.0	0.0	0.0	0.0	0.0	0.0	0.0	0.0	0.0	1.0	0.0	0.0	0.0	0.0	0.0	0.0	0.0	0.0	0.0
SA570119	0.0	0.0	0.0	0.0	0.0	0.0	0.0	0.0	0.0	0.0	0.0	0.0	0.0	0.0	0.0	0.0	1.0	3.0	0.0	1.0	0.0	0.0	1.0	0.0	0.0	0.0	1.0	0.0	5.0	3.0	5.0	9.0
SA570123	0.0	0.0	0.0	0.0	0.0	0.0	0.0	0.0	0.0	0.0	0.0	0.0	0.0	0.0	0.0	0.0	0.0	0.0	0.0	0.0	0.0	1.0	0.0	0.0	0.0	0.0	0.0	2.0	0.0	0.0	0.0	1.0
SA570126	0.0	1.0	1.0	0.0	0.0	0.0	0.0	2.0	1.0	1.0	3.0	2.0	1.0	0.0	2.0	1.0	5.0	14.0	10.0	1.0	1.0	0.0	1.0	3.0	2.0	1.0	1.0	7.0	1.0	5.0	4.0	3.0
SA570131	0.0	0.0	0.0	0.0	0.0	1.0	0.0	0.0	0.0	4.0	5.0	2.0	0.0	0.0	0.0	0.0	8.0	12.0	4.0	3.0	1.0	0.0	2.0	0.0	0.0	1.0	4.0	1.0	1.0	1.0	1.0	26.0
SA570134	0.0	0.0	0.0	0.0	0.0	0.0	0.0	0.0	0.0	0.0	0.0	0.0	0.0	0.0	0.0	0.0	0.0	0.0	0.0	0.0	0.0	0.0	0.0	0.0	0.0	1.0	0.0	0.0	1.0	0.0	0.0	0.0
SA570138	0.0	0.0	0.0	0.0	0.0	0.0	0.0	0.0	0.0	0.0	0.0	0.0	0.0	0.0	0.0	0.0	2.0	8.0	4.0	3.0	0.0	0.0	2.0	0.0	1.0	3.0	2.0	2.0	4.0	7.0	1.0	24.0
SA570142	4.0	5.0	2.0	2.0	4.0	0.0	4.0	5.0	0.0	1.0	0.0	0.0	1.0	4.0	2.0	42.0	9.0	26.0	11.0	39.0	22.0	3.0	39.0	18.0	6.0	12.0	9.0	4.0	5.0	10.0	2.0	57.0
SA570147	0.0	0.0	0.0	0.0	0.0	0.0	0.0	0.0	0.0	0.0	0.0	0.0	0.0	0.0	0.0	0.0	2.0	1.0	1.0	4.0	1.0	0.0	1.0	1.0	1.0	2.0	0.0	0.0	1.0	5.0	2.0	18.0
SA570150	0.0	0.0	0.0	0.0	0.0	0.0	0.0	0.0	0.0	0.0	0.0	0.0	0.0	0.0	0.0	0.0	4.0	1.0	1.0	0.0	0.0	0.0	1.0	1.0	0.0	0.0	0.0	2.0	0.0	2.0	0.0	5.0
SA570154	1.0	6.0	3.0	1.0	0.0	0.0	1.0	1.0	0.0	0.0	0.0	1.0	0.0	0.0	0.0	17.0	9.0	12.0	4.0	4.0	9.0	0.0	3.0	1.0	1.0	4.0	5.0	4.0	2.0	3.0	2.0	28.0
SA570158	0.0	0.0	0.0	0.0	0.0	0.0	0.0	0.0	0.0	0.0	0.0	0.0	0.0	0.0	0.0	0.0	4.0	3.0	0.0	1.0	0.0	0.0	3.0	0.0	0.0	3.0	0.0	0.0	7.0	6.0	5.0	10.0
SA570166	0.0	0.0	0.0	0.0	0.0	0.0	0.0	0.0	0.0	0.0	0.0	0.0	0.0	0.0	0.0	0.0	0.0	1.0	0.0	0.0	0.0	0.0	0.0	0.0	0.0	0.0	0.0	0.0	0.0	0.0	0.0	0.0
SA570170	0.0	0.0	0.0	0.0	0.0	0.0	0.0	0.0	0.0	0.0	0.0	0.0	0.0	0.0	0.0	0.0	0.0	0.0	0.0	0.0	0.0	0.0	0.0	0.0	0.0	1.0	0.0	0.0	1.0	0.0	0.0	3.0
SA570174	0.0	0.0	1.0	1.0	0.0	0.0	1.0	0.0	0.0	0.0	0.0	0.0	0.0	0.0	0.0	4.0	6.0	14.0	4.0	3.0	5.0	0.0	0.0	0.0	0.0	4.0	8.0	3.0	4.0	10.0	2.0	34.0
SA570179	5.0	7.0	3.0	0.0	1.0	0.0	1.0	2.0	0.0	3.0	2.0	0.0	13.0	18.0	15.0	0.0	12.0	25.0	17.0	12.0	7.0	0.0	10.0	8.0	7.0	9.0	12.0	25.0	19.0	39.0	13.0	48.0
SA570183	10.0	16.0	7.0	3.0	7.0	0.0	0.0	0.0	2.0	4.0	9.0	3.0	11.0	11.0	9.0	22.0	15.0	34.0	13.0	7.0	11.0	0.0	7.0	8.0	2.0	10.0	8.0	3.0	7.0	22.0	11.0	36.0
SA570187	0.0	0.0	0.0	0.0	0.0	0.0	0.0	0.0	0.0	0.0	0.0	0.0	0.0	0.0	0.0	0.0	2.0	0.0	0.0	0.0	0.0	0.0	0.0	0.0	0.0	0.0	0.0	0.0	0.0	0.0	1.0	0.0
SA570190	2.0	2.0	3.0	0.0	0.0	0.0	0.0	0.0	1.0	0.0	1.0	0.0	0.0	0.0	0.0	14.0	3.0	0.0	1.0	2.0	2.0	0.0	2.0	0.0	0.0	1.0	0.0	0.0	2.0	3.0	2.0	16.0
SA570195	0.0	0.0	0.0	0.0	0.0	0.0	0.0	0.0	0.0	0.0	0.0	0.0	0.0	0.0	0.0	0.0	5.0	8.0	5.0	4.0	1.0	0.0	2.0	4.0	3.0	1.0	1.0	2.0	5.0	4.0	3.0	22.0
SA570198	0.0	0.0	0.0	0.0	0.0	0.0	0.0	0.0	0.0	0.0	0.0	0.0	0.0	0.0	0.0	0.0	1.0	1.0	0.0	0.0	1.0	0.0	1.0	0.0	0.0	0.0	0.0	0.0	1.0	0.0	0.0	2.0
SA570204	0.0	0.0	0.0	0.0	0.0	0.0	0.0	0.0	0.0	0.0	0.0	0.0	0.0	0.0	0.0	0.0	4.0	14.0	9.0	8.0	5.0	0.0	4.0	4.0	15.0	6.0	2.0	18.0	1.0	0.0	1.0	24.0
SA570208	0.0	0.0	0.0	0.0	0.0	0.0	0.0	0.0	0.0	0.0	0.0	0.0	0.0	0.0	0.0	0.0	0.0	4.0	1.0	3.0	1.0	1.0	0.0	1.0	0.0	5.0	3.0	1.0	4.0	6.0	2.0	0.0
SA570211	0.0	0.0	0.0	0.0	0.0	0.0	0.0	0.0	1.0	0.0	0.0	0.0	0.0	0.0	0.0	7.0	1.0	1.0	1.0	0.0	0.0	0.0	1.0	1.0	0.0	2.0	1.0	0.0	0.0	1.0	0.0	12.0
SA570215	0.0	0.0	0.0	0.0	0.0	0.0	0.0	0.0	0.0	0.0	0.0	0.0	0.0	0.0	0.0	0.0	0.0	3.0	0.0	0.0	0.0	0.0	0.0	0.0	0.0	0.0	0.0	0.0	0.0	0.0	0.0	1.0
SA570218	0.0	0.0	0.0	0.0	0.0	0.0	0.0	0.0	0.0	0.0	0.0	0.0	0.0	0.0	0.0	0.0	0.0	0.0	0.0	0.0	0.0	1.0	0.0	0.0	0.0	0.0	0.0	0.0	0.0	1.0	0.0	3.0
SA570221	0.0	1.0	1.0	0.0	0.0	0.0	0.0	0.0	0.0	1.0	0.0	0.0	0.0	0.0	1.0	10.0	10.0	9.0	9.0	1.0	0.0	0.0	0.0	2.0	1.0	4.0	7.0	2.0	3.0	2.0	3.0	9.0
SA570223	0.0	0.0	0.0	0.0	0.0	0.0	0.0	0.0	0.0	0.0	0.0	0.0	0.0	0.0	0.0	0.0	0.0	3.0	0.0	0.0	0.0	0.0	0.0	0.0	1.0	1.0	0.0	0.0	0.0	2.0	0.0	9.0
SA570225	0.0	0.0	0.0	0.0	0.0	0.0	0.0	0.0	0.0	0.0	0.0	0.0	0.0	0.0	0.0	0.0	0.0	0.0	0.0	0.0	0.0	0.0	0.0	0.0	0.0	0.0	0.0	1.0	0.0	0.0	0.0	0.0
SA570227	0.0	0.0	0.0	0.0	0.0	0.0	0.0	0.0	0.0	0.0	0.0	0.0	0.0	0.0	0.0	0.0	0.0	0.0	0.0	0.0	0.0	0.0	1.0	0.0	0.0	0.0	0.0	1.0	0.0	0.0	0.0	0.0
SA570229	1.0	5.0	1.0	2.0	0.0	2.0	2.0	1.0	0.0	4.0	5.0	3.0	1.0	1.0	1.0	6.0	11.0	28.0	17.0	0.0	5.0	0.0	2.0	1.0	0.0	4.0	5.0	5.0	10.0	11.0	8.0	15.0
SA570231	0.0	0.0	0.0	0.0	0.0	0.0	0.0	0.0	0.0	0.0	0.0	0.0	0.0	0.0	0.0	0.0	2.0	5.0	3.0	2.0	1.0	0.0	0.0	0.0	0.0	2.0	1.0	0.0	0.0	0.0	0.0	10.0
SA570233	0.0	0.0	0.0	0.0	0.0	0.0	0.0	0.0	0.0	0.0	0.0	0.0	0.0	0.0	0.0	0.0	2.0	4.0	1.0	1.0	0.0	0.0	0.0	1.0	0.0	1.0	2.0	0.0	5.0	4.0	3.0	1.0
SA570235	0.0	0.0	0.0	0.0	0.0	0.0	0.0	0.0	0.0	0.0	0.0	0.0	0.0	0.0	0.0	0.0	3.0	5.0	2.0	1.0	0.0	1.0	2.0	3.0	0.0	3.0	1.0	1.0	2.0	7.0	0.0	15.0
SA570237	2.0	0.0	0.0	0.0	0.0	0.0	1.0	0.0	0.0	0.0	1.0	0.0	0.0	0.0	0.0	9.0	5.0	13.0	6.0	5.0	2.0	0.0	3.0	4.0	4.0	3.0	5.0	2.0	1.0	12.0	4.0	18.0
SA570239	0.0	0.0	0.0	0.0	0.0	0.0	0.0	0.0	0.0	0.0	0.0	0.0	0.0	0.0	0.0	0.0	3.0	2.0	1.0	1.0	0.0	0.0	0.0	1.0	2.0	2.0	1.0	2.0	0.0	2.0	1.0	25.0
SA570241	5.0	5.0	4.0	0.0	1.0	0.0	0.0	0.0	1.0	0.0	4.0	4.0	5.0	9.0	4.0	44.0	6.0	9.0	4.0	2.0	1.0	0.0	1.0	1.0	0.0	1.0	1.0	0.0	1.0	3.0	0.0	9.0
SA570243	0.0	0.0	0.0	0.0	0.0	0.0	0.0	0.0	0.0	0.0	0.0	0.0	0.0	0.0	0.0	0.0	1.0	4.0	4.0	0.0	2.0	0.0	0.0	0.0	0.0	1.0	1.0	1.0	3.0	6.0	1.0	7.0
SA570245	0.0	0.0	0.0	0.0	0.0	0.0	0.0	0.0	0.0	0.0	0.0	0.0	0.0	0.0	0.0	0.0	2.0	6.0	2.0	9.0	2.0	0.0	1.0	0.0	0.0	2.0	1.0	1.0	7.0	5.0	2.0	17.0
SA570247	13.0	35.0	16.0	2.0	5.0	0.0	2.0	1.0	2.0	5.0	12.0	7.0	3.0	10.0	2.0	90.0	7.0	14.0	9.0	0.0	1.0	0.0	0.0	0.0	0.0	5.0	5.0	8.0	5.0	11.0	7.0	24.0
SA570249	0.0	0.0	0.0	0.0	0.0	0.0	0.0	0.0	0.0	0.0	0.0	0.0	0.0	0.0	0.0	0.0	0.0	0.0	0.0	0.0	0.0	0.0	0.0	0.0	0.0	2.0	0.0	0.0	0.0	0.0	0.0	0.0
SA570251	6.0	19.0	9.0	2.0	5.0	1.0	4.0	4.0	1.0	8.0	9.0	4.0	9.0	15.0	5.0	76.0	5.0	13.0	1.0	0.0	2.0	0.0	5.0	1.0	1.0	7.0	9.0	3.0	8.0	16.0	10.0	9.0
SA570255	0.0	0.0	0.0	0.0	0.0	0.0	0.0	0.0	0.0	0.0	0.0	0.0	0.0	0.0	0.0	0.0	1.0	0.0	0.0	0.0	3.0	0.0	0.0	0.0	0.0	0.0	1.0	0.0	1.0	3.0	0.0	9.0
SA570257	0.0	0.0	0.0	0.0	0.0	0.0	0.0	0.0	0.0	0.0	0.0	0.0	0.0	0.0	0.0	0.0	9.0	16.0	9.0	1.0	0.0	0.0	0.0	2.0	0.0	4.0	3.0	4.0	4.0	10.0	6.0	10.0
SA570259	0.0	0.0	0.0	0.0	0.0	0.0	0.0	0.0	0.0	0.0	0.0	0.0	0.0	0.0	0.0	0.0	0.0	0.0	0.0	0.0	0.0	0.0	0.0	0.0	0.0	0.0	0.0	1.0	0.0	0.0	0.0	0.0
SA570261	0.0	0.0	0.0	0.0	0.0	0.0	0.0	0.0	0.0	0.0	0.0	0.0	0.0	0.0	0.0	0.0	1.0	0.0	0.0	3.0	0.0	1.0	1.0	0.0	0.0	1.0	0.0	8.0	0.0	0.0	0.0	6.0
SA570265	0.0	0.0	0.0	0.0	0.0	0.0	0.0	0.0	0.0	0.0	0.0	0.0	0.0	0.0	0.0	0.0	2.0	1.0	2.0	1.0	0.0	0.0	0.0	0.0	0.0	1.0	0.0	0.0	5.0	10.0	2.0	1.0
SA570267	0.0	0.0	0.0	0.0	0.0	0.0	0.0	0.0	0.0	0.0	0.0	0.0	0.0	0.0	0.0	0.0	3.0	1.0	1.0	0.0	0.0	0.0	0.0	0.0	0.0	2.0	0.0	0.0	3.0	1.0	1.0	4.0
SA570269	0.0	0.0	0.0	0.0	0.0	0.0	0.0	0.0	0.0	0.0	0.0	0.0	0.0	0.0	0.0	0.0	0.0	0.0	1.0	2.0	0.0	0.0	0.0	0.0	0.0	0.0	0.0	1.0	0.0	1.0	1.0	4.0
SA570271	4.0	8.0	1.0	1.0	5.0	2.0	2.0	1.0	4.0	7.0	3.0	3.0	3.0	7.0	7.0	51.0	10.0	21.0	4.0	3.0	0.0	1.0	4.0	1.0	6.0	5.0	4.0	6.0	4.0	14.0	9.0	16.0
SA570273	10.0	18.0	8.0	5.0	12.0	1.0	1.0	12.0	3.0	7.0	13.0	5.0	7.0	24.0	5.0	92.0	20.0	40.0	27.0	24.0	20.0	4.0	19.0	10.0	8.0	19.0	19.0	11.0	19.0	43.0	28.0	83.0
SA570277	0.0	0.0	0.0	0.0	0.0	0.0	0.0	0.0	0.0	0.0	0.0	0.0	0.0	0.0	0.0	0.0	0.0	1.0	0.0	0.0	0.0	0.0	0.0	0.0	0.0	0.0	0.0	0.0	0.0	1.0	0.0	0.0
SA570279	0.0	0.0	0.0	0.0	0.0	0.0	0.0	0.0	0.0	0.0	0.0	0.0	0.0	0.0	0.0	0.0	9.0	4.0	3.0	45.0	8.0	85.0	9.0	6.0	38.0	11.0	2.0	11.0	5.0	6.0	5.0	50.0
SA570281	0.0	0.0	0.0	0.0	0.0	0.0	0.0	0.0	0.0	0.0	0.0	0.0	0.0	0.0	0.0	0.0	5.0	10.0	7.0	6.0	5.0	2.0	11.0	2.0	4.0	13.0	7.0	5.0	3.0	12.0	12.0	4.0
SA570283	0.0	0.0	0.0	0.0	0.0	0.0	0.0	0.0	0.0	0.0	0.0	0.0	0.0	0.0	0.0	0.0	7.0	14.0	6.0	1.0	3.0	0.0	2.0	4.0	1.0	1.0	2.0	1.0	3.0	3.0	2.0	8.0
SA570285	2.0	5.0	0.0	0.0	2.0	0.0	0.0	1.0	1.0	2.0	0.0	0.0	0.0	0.0	0.0	6.0	15.0	29.0	14.0	4.0	1.0	1.0	3.0	2.0	1.0	6.0	2.0	3.0	5.0	16.0	10.0	25.0
SA570287	0.0	0.0	0.0	0.0	0.0	0.0	0.0	0.0	0.0	0.0	0.0	0.0	0.0	0.0	0.0	0.0	2.0	3.0	4.0	1.0	1.0	0.0	0.0	2.0	0.0	1.0	1.0	0.0	0.0	1.0	0.0	2.0
SA570289	0.0	0.0	0.0	0.0	0.0	0.0	0.0	0.0	0.0	0.0	0.0	0.0	0.0	0.0	0.0	0.0	6.0	13.0	7.0	0.0	2.0	0.0	1.0	0.0	0.0	4.0	4.0	0.0	1.0	7.0	1.0	24.0
SA570291	18.0	49.0	20.0	6.0	15.0	2.0	7.0	8.0	7.0	10.0	14.0	6.0	31.0	52.0	23.0	153.0	10.0	14.0	12.0	2.0	9.0	0.0	2.0	4.0	2.0	3.0	11.0	3.0	2.0	11.0	7.0	42.0
SA570293	0.0	0.0	0.0	0.0	0.0	0.0	1.0	2.0	1.0	0.0	0.0	0.0	0.0	0.0	1.0	0.0	9.0	10.0	4.0	2.0	4.0	1.0	3.0	4.0	3.0	3.0	8.0	2.0	8.0	10.0	1.0	25.0
SA570295	0.0	0.0	0.0	0.0	0.0	0.0	0.0	0.0	0.0	0.0	0.0	0.0	0.0	0.0	0.0	0.0	3.0	4.0	3.0	0.0	1.0	0.0	1.0	1.0	0.0	1.0	1.0	2.0	2.0	3.0	1.0	0.0
SA570297	1.0	7.0	2.0	0.0	1.0	0.0	2.0	1.0	0.0	1.0	1.0	0.0	0.0	0.0	0.0	17.0	20.0	21.0	15.0	6.0	7.0	0.0	4.0	6.0	5.0	3.0	4.0	5.0	7.0	22.0	3.0	59.0
SA570299	0.0	0.0	0.0	0.0	0.0	0.0	0.0	0.0	0.0	0.0	0.0	0.0	0.0	0.0	0.0	0.0	7.0	15.0	9.0	4.0	5.0	0.0	5.0	5.0	1.0	2.0	4.0	2.0	3.0	2.0	3.0	18.0
SA570301	0.0	0.0	0.0	0.0	0.0	0.0	0.0	0.0	0.0	0.0	0.0	0.0	0.0	0.0	0.0	0.0	3.0	5.0	3.0	0.0	1.0	0.0	3.0	1.0	0.0	1.0	3.0	1.0	0.0	2.0	1.0	8.0
SA570303	0.0	0.0	0.0	0.0	0.0	0.0	0.0	0.0	0.0	0.0	0.0	0.0	0.0	0.0	0.0	0.0	1.0	1.0	2.0	14.0	1.0	59.0	3.0	3.0	38.0	0.0	4.0	9.0	2.0	0.0	5.0	24.0
SA570305	0.0	0.0	0.0	0.0	0.0	0.0	0.0	0.0	0.0	0.0	0.0	0.0	0.0	0.0	0.0	0.0	16.0	17.0	8.0	29.0	4.0	3.0	23.0	4.0	4.0	2.0	6.0	7.0	6.0	8.0	6.0	18.0
SA570307	0.0	0.0	0.0	0.0	0.0	0.0	0.0	0.0	0.0	0.0	0.0	0.0	0.0	0.0	0.0	0.0	0.0	1.0	3.0	40.0	3.0	1.0	17.0	0.0	4.0	1.0	0.0	6.0	1.0	6.0	0.0	21.0
SA570309	0.0	0.0	0.0	0.0	0.0	0.0	0.0	0.0	0.0	0.0	0.0	0.0	0.0	0.0	0.0	0.0	2.0	4.0	5.0	8.0	2.0	64.0	10.0	4.0	19.0	2.0	0.0	18.0	2.0	5.0	4.0	35.0
SA570311	0.0	0.0	0.0	0.0	0.0	0.0	0.0	0.0	0.0	0.0	0.0	0.0	0.0	0.0	0.0	0.0	1.0	2.0	4.0	17.0	7.0	87.0	16.0	6.0	71.0	23.0	3.0	65.0	2.0	10.0	3.0	34.0
SA570313	0.0	0.0	0.0	0.0	0.0	0.0	0.0	0.0	0.0	0.0	0.0	0.0	0.0	0.0	0.0	0.0	4.0	7.0	1.0	2.0	1.0	0.0	0.0	0.0	0.0	2.0	2.0	2.0	7.0	15.0	7.0	16.0
SA570315	2.0	1.0	1.0	1.0	0.0	0.0	1.0	0.0	1.0	0.0	2.0	2.0	1.0	3.0	4.0	15.0	10.0	18.0	11.0	0.0	0.0	1.0	1.0	5.0	2.0	6.0	4.0	6.0	12.0	19.0	10.0	32.0
SA570317	11.0	22.0	7.0	2.0	7.0	0.0	3.0	6.0	2.0	5.0	16.0	4.0	9.0	13.0	5.0	180.0	23.0	30.0	15.0	17.0	13.0	2.0	12.0	6.0	2.0	27.0	16.0	8.0	15.0	33.0	13.0	89.0
SA570319	0.0	0.0	0.0	0.0	0.0	0.0	0.0	0.0	0.0	0.0	0.0	0.0	0.0	0.0	0.0	0.0	2.0	5.0	1.0	42.0	10.0	2.0	12.0	1.0	0.0	1.0	3.0	0.0	10.0	11.0	5.0	24.0
SA570321	2.0	6.0	3.0	1.0	0.0	0.0	0.0	0.0	0.0	2.0	2.0	1.0	4.0	4.0	0.0	5.0	10.0	12.0	6.0	41.0	15.0	3.0	36.0	7.0	1.0	6.0	4.0	4.0	9.0	16.0	5.0	51.0
SA570323	2.0	2.0	0.0	0.0	0.0	0.0	0.0	1.0	0.0	0.0	0.0	0.0	0.0	2.0	1.0	12.0	2.0	8.0	2.0	0.0	0.0	0.0	1.0	3.0	0.0	4.0	3.0	1.0	3.0	2.0	3.0	18.0
SA570325	0.0	0.0	0.0	0.0	0.0	0.0	0.0	0.0	0.0	0.0	0.0	0.0	0.0	0.0	0.0	0.0	3.0	9.0	4.0	1.0	0.0	0.0	0.0	1.0	1.0	3.0	3.0	5.0	8.0	8.0	4.0	27.0
SA570327	0.0	0.0	0.0	0.0	0.0	0.0	0.0	0.0	0.0	0.0	0.0	0.0	0.0	0.0	0.0	0.0	4.0	8.0	0.0	2.0	0.0	0.0	1.0	1.0	0.0	5.0	5.0	3.0	7.0	7.0	2.0	14.0
SA570329	0.0	0.0	0.0	0.0	0.0	0.0	0.0	0.0	0.0	0.0	0.0	0.0	0.0	0.0	0.0	0.0	0.0	0.0	0.0	1.0	0.0	0.0	0.0	0.0	0.0	0.0	0.0	0.0	0.0	0.0	0.0	1.0
SA570331	0.0	0.0	0.0	0.0	0.0	0.0	0.0	0.0	0.0	0.0	0.0	0.0	0.0	0.0	0.0	0.0	2.0	3.0	1.0	0.0	0.0	0.0	0.0	2.0	0.0	1.0	0.0	5.0	0.0	3.0	0.0	12.0
SA570333	0.0	0.0	0.0	0.0	0.0	0.0	0.0	0.0	0.0	0.0	0.0	0.0	0.0	0.0	0.0	0.0	0.0	2.0	0.0	0.0	0.0	0.0	0.0	0.0	0.0	0.0	1.0	1.0	0.0	1.0	0.0	4.0
SA570335	7.0	20.0	10.0	0.0	1.0	0.0	0.0	3.0	0.0	4.0	10.0	3.0	0.0	0.0	0.0	2.0	20.0	45.0	19.0	11.0	11.0	0.0	7.0	9.0	10.0	9.0	10.0	24.0	12.0	39.0	23.0	40.0
SA570337	0.0	0.0	0.0	0.0	0.0	0.0	0.0	0.0	0.0	0.0	0.0	0.0	0.0	0.0	0.0	0.0	3.0	5.0	3.0	0.0	1.0	0.0	2.0	0.0	0.0	2.0	0.0	2.0	2.0	7.0	4.0	2.0
SA570339	0.0	0.0	0.0	0.0	0.0	0.0	0.0	0.0	0.0	0.0	0.0	0.0	0.0	0.0	0.0	0.0	0.0	1.0	0.0	0.0	0.0	0.0	0.0	0.0	0.0	0.0	0.0	0.0	0.0	0.0	0.0	1.0
SA570341	0.0	0.0	0.0	0.0	0.0	0.0	0.0	0.0	0.0	0.0	0.0	0.0	0.0	0.0	0.0	0.0	0.0	3.0	1.0	0.0	0.0	0.0	0.0	1.0	0.0	0.0	1.0	0.0	0.0	1.0	2.0	6.0
SA570343	0.0	0.0	0.0	0.0	0.0	0.0	0.0	0.0	0.0	0.0	0.0	0.0	0.0	0.0	0.0	0.0	0.0	6.0	2.0	1.0	1.0	0.0	1.0	2.0	1.0	5.0	3.0	9.0	0.0	1.0	1.0	5.0
SA570345	0.0	0.0	0.0	0.0	0.0	0.0	0.0	0.0	0.0	0.0	0.0	0.0	0.0	0.0	0.0	0.0	4.0	2.0	1.0	1.0	0.0	0.0	1.0	0.0	0.0	1.0	2.0	0.0	2.0	3.0	0.0	1.0
SA570347	0.0	0.0	0.0	1.0	0.0	0.0	0.0	0.0	0.0	2.0	3.0	0.0	0.0	0.0	0.0	14.0	7.0	8.0	4.0	3.0	6.0	1.0	2.0	0.0	0.0	2.0	2.0	3.0	7.0	6.0	0.0	16.0
SA570349	0.0	0.0	0.0	0.0	0.0	0.0	0.0	0.0	0.0	0.0	0.0	0.0	0.0	0.0	0.0	0.0	2.0	2.0	1.0	1.0	1.0	0.0	0.0	1.0	1.0	5.0	2.0	1.0	0.0	0.0	0.0	6.0
SA570351	0.0	0.0	0.0	0.0	0.0	0.0	0.0	0.0	0.0	0.0	0.0	0.0	0.0	0.0	0.0	0.0	0.0	1.0	1.0	3.0	0.0	0.0	0.0	4.0	3.0	2.0	1.0	8.0	0.0	0.0	1.0	3.0
SA570353	0.0	0.0	0.0	0.0	0.0	0.0	0.0	0.0	0.0	0.0	0.0	0.0	0.0	0.0	0.0	0.0	2.0	2.0	0.0	1.0	0.0	0.0	0.0	1.0	0.0	1.0	1.0	1.0	2.0	3.0	4.0	14.0
SA570355	0.0	0.0	0.0	0.0	0.0	0.0	0.0	0.0	0.0	0.0	0.0	0.0	0.0	0.0	0.0	0.0	2.0	0.0	1.0	0.0	0.0	0.0	0.0	0.0	0.0	2.0	0.0	1.0	1.0	1.0	0.0	7.0
SA570357	0.0	0.0	0.0	0.0	0.0	0.0	0.0	0.0	0.0	0.0	0.0	0.0	0.0	0.0	0.0	0.0	4.0	4.0	4.0	1.0	0.0	0.0	0.0	1.0	0.0	4.0	3.0	2.0	0.0	3.0	0.0	8.0
SA570359	0.0	0.0	0.0	1.0	4.0	1.0	0.0	0.0	0.0	0.0	0.0	0.0	0.0	0.0	0.0	1.0	8.0	16.0	6.0	26.0	4.0	33.0	11.0	4.0	52.0	4.0	7.0	35.0	11.0	17.0	11.0	82.0
SA570361	0.0	0.0	0.0	0.0	0.0	0.0	0.0	0.0	0.0	0.0	0.0	0.0	0.0	0.0	0.0	0.0	5.0	6.0	8.0	3.0	1.0	1.0	3.0	2.0	5.0	1.0	0.0	17.0	2.0	7.0	1.0	20.0
SA570363	0.0	0.0	0.0	0.0	0.0	0.0	0.0	0.0	0.0	0.0	0.0	0.0	0.0	0.0	0.0	0.0	0.0	0.0	0.0	0.0	0.0	0.0	0.0	0.0	0.0	0.0	0.0	0.0	0.0	0.0	0.0	1.0
SA570365	3.0	4.0	3.0	1.0	2.0	0.0	1.0	3.0	0.0	3.0	3.0	2.0	0.0	0.0	0.0	0.0	15.0	25.0	10.0	5.0	6.0	0.0	4.0	2.0	1.0	3.0	6.0	4.0	7.0	21.0	8.0	12.0
SA570367	0.0	0.0	0.0	0.0	0.0	0.0	0.0	0.0	0.0	0.0	0.0	0.0	0.0	0.0	0.0	0.0	3.0	6.0	9.0	17.0	5.0	77.0	6.0	0.0	32.0	2.0	0.0	13.0	3.0	10.0	0.0	34.0
SA570369	0.0	0.0	0.0	0.0	0.0	0.0	0.0	0.0	0.0	0.0	0.0	0.0	0.0	0.0	0.0	0.0	1.0	0.0	0.0	3.0	0.0	0.0	1.0	0.0	0.0	0.0	0.0	0.0	0.0	3.0	0.0	2.0
SA570371	2.0	2.0	1.0	0.0	0.0	0.0	0.0	2.0	0.0	0.0	0.0	0.0	0.0	0.0	0.0	1.0	1.0	0.0	0.0	0.0	1.0	0.0	0.0	2.0	0.0	0.0	0.0	0.0	2.0	0.0	0.0	3.0
SA570373	0.0	0.0	0.0	0.0	0.0	0.0	0.0	0.0	0.0	0.0	0.0	0.0	0.0	0.0	0.0	0.0	7.0	4.0	6.0	3.0	0.0	1.0	2.0	1.0	0.0	4.0	2.0	1.0	3.0	3.0	2.0	37.0
SA570375	0.0	0.0	0.0	0.0	0.0	0.0	0.0	0.0	0.0	0.0	0.0	0.0	0.0	0.0	0.0	0.0	6.0	12.0	10.0	1.0	5.0	2.0	4.0	0.0	0.0	4.0	1.0	3.0	4.0	7.0	2.0	9.0
SA570377	0.0	0.0	0.0	0.0	0.0	0.0	0.0	0.0	0.0	0.0	0.0	0.0	1.0	3.0	1.0	4.0	3.0	6.0	5.0	2.0	2.0	0.0	1.0	1.0	1.0	2.0	2.0	0.0	7.0	8.0	0.0	32.0
SA570379	0.0	0.0	0.0	0.0	0.0	0.0	0.0	0.0	0.0	0.0	0.0	0.0	0.0	0.0	0.0	0.0	1.0	0.0	0.0	0.0	0.0	0.0	2.0	0.0	0.0	0.0	0.0	0.0	1.0	0.0	0.0	2.0
SA570381	2.0	2.0	5.0	0.0	0.0	0.0	0.0	0.0	0.0	2.0	2.0	0.0	0.0	1.0	0.0	2.0	3.0	5.0	5.0	1.0	0.0	0.0	1.0	2.0	1.0	2.0	2.0	0.0	2.0	7.0	2.0	4.0
SA570385	0.0	0.0	0.0	0.0	0.0	0.0	0.0	0.0	0.0	0.0	0.0	0.0	0.0	0.0	0.0	0.0	0.0	0.0	0.0	0.0	0.0	0.0	0.0	0.0	0.0	0.0	0.0	0.0	0.0	0.0	0.0	2.0
SA570387	0.0	0.0	0.0	0.0	0.0	0.0	0.0	0.0	0.0	0.0	0.0	0.0	0.0	0.0	0.0	0.0	15.0	11.0	5.0	4.0	6.0	0.0	7.0	1.0	2.0	29.0	8.0	4.0	11.0	23.0	3.0	27.0
SA570389	0.0	0.0	0.0	0.0	0.0	0.0	0.0	0.0	0.0	0.0	0.0	0.0	0.0	0.0	0.0	0.0	0.0	0.0	0.0	3.0	1.0	1.0	0.0	1.0	0.0	0.0	1.0	0.0	0.0	0.0	0.0	3.0
SA570391	1.0	6.0	4.0	1.0	0.0	0.0	0.0	0.0	0.0	0.0	1.0	0.0	2.0	1.0	5.0	6.0	16.0	35.0	12.0	9.0	1.0	2.0	9.0	6.0	5.0	19.0	7.0	10.0	16.0	17.0	9.0	42.0
SA570393	0.0	0.0	0.0	0.0	0.0	0.0	0.0	0.0	0.0	0.0	0.0	0.0	0.0	0.0	0.0	0.0	1.0	3.0	7.0	0.0	0.0	0.0	1.0	0.0	0.0	2.0	0.0	1.0	2.0	2.0	2.0	17.0
SA570395	0.0	0.0	0.0	0.0	0.0	0.0	0.0	0.0	0.0	0.0	0.0	0.0	0.0	0.0	0.0	0.0	0.0	0.0	0.0	0.0	0.0	0.0	0.0	0.0	0.0	1.0	0.0	0.0	0.0	0.0	0.0	1.0
SA570397	0.0	0.0	0.0	0.0	0.0	0.0	0.0	0.0	0.0	0.0	0.0	0.0	0.0	0.0	0.0	0.0	0.0	1.0	0.0	2.0	1.0	0.0	0.0	0.0	0.0	0.0	1.0	0.0	3.0	3.0	2.0	6.0
SA570399	0.0	0.0	0.0	0.0	0.0	0.0	0.0	0.0	0.0	0.0	0.0	0.0	0.0	0.0	0.0	0.0	2.0	2.0	1.0	6.0	2.0	0.0	1.0	1.0	4.0	2.0	5.0	4.0	2.0	5.0	3.0	18.0
SA570401	0.0	0.0	0.0	0.0	0.0	0.0	0.0	0.0	0.0	0.0	0.0	0.0	0.0	0.0	0.0	0.0	2.0	0.0	0.0	2.0	0.0	0.0	1.0	0.0	1.0	0.0	2.0	1.0	1.0	0.0	0.0	1.0
SA570403	0.0	0.0	0.0	0.0	0.0	0.0	0.0	0.0	0.0	0.0	0.0	0.0	0.0	0.0	0.0	0.0	4.0	2.0	0.0	3.0	0.0	0.0	1.0	1.0	1.0	2.0	3.0	0.0	1.0	1.0	0.0	1.0
SA570405	0.0	0.0	0.0	0.0	0.0	0.0	0.0	0.0	0.0	0.0	0.0	0.0	0.0	0.0	0.0	0.0	0.0	0.0	0.0	0.0	0.0	0.0	0.0	0.0	0.0	1.0	0.0	0.0	0.0	0.0	0.0	0.0
SA570409	0.0	0.0	0.0	0.0	0.0	0.0	0.0	0.0	0.0	0.0	0.0	0.0	0.0	0.0	0.0	0.0	2.0	4.0	1.0	1.0	0.0	0.0	0.0	1.0	0.0	1.0	0.0	2.0	2.0	7.0	1.0	2.0
SA570411	0.0	0.0	0.0	0.0	0.0	0.0	0.0	0.0	0.0	0.0	0.0	0.0	0.0	0.0	0.0	0.0	1.0	0.0	0.0	1.0	1.0	0.0	0.0	0.0	0.0	1.0	0.0	0.0	3.0	4.0	1.0	13.0
SA570413	0.0	0.0	0.0	0.0	0.0	0.0	0.0	0.0	0.0	0.0	0.0	0.0	0.0	0.0	0.0	0.0	3.0	1.0	2.0	0.0	1.0	0.0	0.0	0.0	0.0	1.0	0.0	0.0	1.0	1.0	0.0	0.0
SA570415	0.0	0.0	0.0	0.0	0.0	0.0	0.0	0.0	0.0	0.0	0.0	0.0	0.0	0.0	0.0	0.0	0.0	0.0	0.0	0.0	0.0	0.0	0.0	0.0	1.0	0.0	0.0	0.0	0.0	0.0	0.0	0.0
SA570417	0.0	0.0	0.0	0.0	0.0	0.0	0.0	0.0	0.0	0.0	0.0	0.0	0.0	0.0	0.0	0.0	0.0	0.0	0.0	0.0	0.0	1.0	0.0	0.0	0.0	0.0	0.0	0.0	0.0	0.0	0.0	0.0
SA570419	0.0	0.0	0.0	0.0	0.0	0.0	0.0	0.0	0.0	0.0	0.0	0.0	0.0	0.0	0.0	0.0	10.0	12.0	8.0	2.0	1.0	0.0	4.0	0.0	0.0	3.0	1.0	2.0	1.0	8.0	6.0	9.0
SA570421	29.0	52.0	26.0	2.0	7.0	3.0	5.0	8.0	2.0	15.0	17.0	9.0	26.0	44.0	12.0	318.0	31.0	39.0	19.0	8.0	7.0	2.0	6.0	4.0	5.0	9.0	11.0	18.0	18.0	57.0	25.0	155.0
SA570423	0.0	0.0	0.0	0.0	0.0	0.0	0.0	0.0	0.0	0.0	0.0	0.0	0.0	0.0	0.0	0.0	6.0	7.0	4.0	13.0	1.0	0.0	14.0	2.0	3.0	11.0	6.0	1.0	4.0	8.0	3.0	25.0
SA570425	0.0	0.0	0.0	0.0	0.0	0.0	0.0	0.0	0.0	0.0	0.0	0.0	0.0	0.0	0.0	0.0	4.0	4.0	1.0	3.0	3.0	0.0	1.0	0.0	2.0	4.0	1.0	0.0	4.0	2.0	5.0	33.0
SA570427	0.0	0.0	0.0	0.0	0.0	0.0	0.0	0.0	0.0	0.0	0.0	0.0	0.0	0.0	0.0	0.0	0.0	1.0	0.0	1.0	1.0	1.0	1.0	0.0	0.0	1.0	0.0	1.0	2.0	3.0	1.0	12.0
SA570429	0.0	0.0	0.0	0.0	0.0	0.0	0.0	0.0	0.0	0.0	0.0	0.0	0.0	0.0	0.0	0.0	0.0	0.0	0.0	0.0	0.0	0.0	0.0	0.0	0.0	0.0	0.0	0.0	1.0	0.0	0.0	0.0
SA570431	0.0	0.0	0.0	0.0	0.0	0.0	0.0	0.0	0.0	0.0	0.0	0.0	0.0	0.0	0.0	0.0	3.0	2.0	3.0	4.0	0.0	0.0	0.0	1.0	1.0	0.0	2.0	4.0	2.0	1.0	2.0	9.0
SA570433	1.0	3.0	0.0	0.0	0.0	0.0	0.0	1.0	0.0	3.0	0.0	0.0	0.0	0.0	0.0	10.0	5.0	8.0	24.0	52.0	2.0	6.0	61.0	4.0	12.0	7.0	8.0	20.0	2.0	15.0	2.0	34.0
SA570435	0.0	0.0	0.0	0.0	1.0	0.0	0.0	2.0	0.0	0.0	0.0	1.0	0.0	0.0	1.0	0.0	3.0	9.0	1.0	0.0	1.0	1.0	0.0	0.0	0.0	4.0	1.0	0.0	6.0	19.0	4.0	0.0
SA570437	2.0	2.0	3.0	2.0	1.0	3.0	1.0	2.0	1.0	0.0	2.0	3.0	1.0	2.0	1.0	12.0	11.0	26.0	12.0	4.0	6.0	1.0	3.0	3.0	4.0	4.0	8.0	16.0	7.0	14.0	12.0	31.0
SA570439	0.0	0.0	0.0	0.0	0.0	0.0	0.0	0.0	0.0	0.0	0.0	0.0	0.0	0.0	0.0	0.0	18.0	12.0	12.0	4.0	3.0	0.0	2.0	3.0	7.0	11.0	8.0	19.0	17.0	26.0	9.0	66.0
SA570441	0.0	0.0	0.0	0.0	0.0	0.0	0.0	0.0	0.0	0.0	0.0	0.0	0.0	0.0	0.0	0.0	1.0	0.0	0.0	0.0	0.0	0.0	0.0	0.0	0.0	0.0	0.0	0.0	1.0	0.0	0.0	3.0
SA570443	0.0	0.0	0.0	0.0	0.0	0.0	0.0	0.0	0.0	0.0	0.0	0.0	0.0	0.0	0.0	0.0	4.0	3.0	2.0	0.0	0.0	0.0	1.0	0.0	0.0	3.0	0.0	0.0	3.0	0.0	1.0	15.0
SA570445	0.0	0.0	0.0	0.0	0.0	0.0	0.0	0.0	0.0	0.0	0.0	0.0	0.0	0.0	0.0	0.0	0.0	1.0	0.0	1.0	0.0	0.0	0.0	0.0	0.0	0.0	0.0	0.0	0.0	0.0	0.0	0.0
SA570447	0.0	0.0	0.0	0.0	0.0	0.0	0.0	0.0	0.0	0.0	0.0	0.0	0.0	0.0	0.0	0.0	3.0	16.0	4.0	0.0	2.0	1.0	0.0	1.0	0.0	0.0	1.0	1.0	0.0	1.0	0.0	15.0
SA570449	0.0	4.0	2.0	0.0	0.0	0.0	1.0	0.0	0.0	1.0	1.0	0.0	0.0	0.0	0.0	7.0	16.0	31.0	21.0	10.0	22.0	3.0	9.0	8.0	13.0	16.0	16.0	20.0	21.0	28.0	21.0	47.0
SA570451	3.0	6.0	2.0	0.0	2.0	1.0	0.0	0.0	1.0	5.0	4.0	3.0	3.0	7.0	4.0	0.0	9.0	14.0	8.0	4.0	2.0	2.0	1.0	1.0	2.0	3.0	4.0	6.0	6.0	10.0	3.0	13.0
SA570453	0.0	0.0	0.0	0.0	0.0	0.0	0.0	0.0	0.0	0.0	0.0	0.0	0.0	0.0	0.0	0.0	2.0	5.0	1.0	0.0	0.0	0.0	0.0	0.0	0.0	2.0	1.0	0.0	3.0	2.0	3.0	7.0
SA570455	1.0	9.0	6.0	1.0	1.0	1.0	1.0	3.0	0.0	1.0	5.0	2.0	0.0	1.0	0.0	37.0	11.0	14.0	7.0	3.0	3.0	1.0	1.0	3.0	4.0	7.0	5.0	5.0	9.0	8.0	6.0	26.0
SA570459	0.0	0.0	0.0	0.0	0.0	0.0	0.0	0.0	0.0	0.0	0.0	0.0	0.0	0.0	0.0	0.0	4.0	3.0	0.0	1.0	1.0	0.0	0.0	0.0	0.0	4.0	3.0	2.0	1.0	3.0	1.0	8.0
SA570461	0.0	0.0	0.0	0.0	0.0	0.0	0.0	0.0	0.0	0.0	0.0	0.0	0.0	0.0	0.0	0.0	2.0	15.0	3.0	1.0	1.0	1.0	2.0	4.0	1.0	2.0	3.0	1.0	1.0	5.0	2.0	14.0
SA570463	0.0	0.0	0.0	0.0	0.0	0.0	0.0	0.0	0.0	0.0	0.0	0.0	0.0	0.0	0.0	0.0	5.0	2.0	4.0	2.0	1.0	0.0	1.0	0.0	0.0	1.0	4.0	1.0	1.0	3.0	3.0	10.0
SA570465	2.0	3.0	2.0	0.0	0.0	0.0	1.0	3.0	0.0	1.0	0.0	2.0	0.0	0.0	0.0	13.0	4.0	8.0	3.0	1.0	0.0	0.0	4.0	0.0	0.0	6.0	5.0	2.0	9.0	9.0	3.0	18.0
SA570467	1.0	2.0	1.0	0.0	1.0	0.0	0.0	0.0	0.0	0.0	0.0	0.0	0.0	0.0	1.0	3.0	8.0	4.0	1.0	1.0	0.0	0.0	2.0	3.0	1.0	5.0	1.0	1.0	2.0	4.0	2.0	8.0
SA570469	0.0	0.0	0.0	0.0	0.0	0.0	0.0	0.0	0.0	0.0	0.0	0.0	0.0	0.0	0.0	0.0	0.0	0.0	0.0	1.0	1.0	0.0	0.0	0.0	0.0	0.0	0.0	0.0	0.0	1.0	0.0	12.0
SA570471	0.0	6.0	2.0	0.0	2.0	0.0	1.0	2.0	0.0	0.0	3.0	0.0	0.0	0.0	0.0	1.0	9.0	17.0	4.0	4.0	6.0	0.0	2.0	8.0	0.0	3.0	5.0	1.0	7.0	8.0	9.0	15.0
SA570473	0.0	0.0	0.0	0.0	0.0	0.0	0.0	0.0	0.0	0.0	0.0	0.0	0.0	0.0	0.0	0.0	1.0	0.0	0.0	0.0	0.0	0.0	0.0	0.0	0.0	0.0	0.0	0.0	1.0	1.0	1.0	3.0
SA570475	0.0	0.0	0.0	0.0	0.0	0.0	0.0	0.0	0.0	0.0	0.0	0.0	0.0	0.0	0.0	0.0	1.0	5.0	4.0	0.0	2.0	0.0	0.0	1.0	0.0	3.0	4.0	2.0	1.0	1.0	0.0	14.0
SA570477	0.0	0.0	0.0	0.0	0.0	0.0	0.0	0.0	0.0	0.0	0.0	0.0	0.0	0.0	0.0	0.0	1.0	1.0	3.0	0.0	0.0	0.0	0.0	0.0	0.0	0.0	0.0	0.0	3.0	2.0	2.0	2.0
SA570479	3.0	2.0	0.0	0.0	0.0	0.0	0.0	0.0	0.0	1.0	0.0	0.0	1.0	1.0	1.0	1.0	6.0	3.0	2.0	3.0	0.0	0.0	2.0	1.0	0.0	0.0	3.0	1.0	0.0	7.0	4.0	2.0
SA570481	0.0	0.0	0.0	0.0	0.0	0.0	0.0	0.0	0.0	0.0	0.0	0.0	0.0	0.0	0.0	0.0	0.0	0.0	2.0	0.0	0.0	0.0	0.0	0.0	1.0	0.0	0.0	0.0	1.0	1.0	1.0	1.0
SA570483	0.0	0.0	0.0	0.0	0.0	0.0	0.0	0.0	0.0	0.0	0.0	0.0	0.0	0.0	0.0	0.0	0.0	0.0	0.0	0.0	0.0	0.0	0.0	0.0	0.0	0.0	0.0	0.0	0.0	2.0	1.0	5.0
SA570485	0.0	0.0	0.0	0.0	0.0	0.0	0.0	0.0	0.0	0.0	0.0	0.0	0.0	0.0	0.0	0.0	0.0	0.0	0.0	0.0	0.0	0.0	0.0	0.0	1.0	1.0	0.0	1.0	2.0	0.0	0.0	4.0
SA570487	0.0	0.0	0.0	0.0	0.0	0.0	0.0	0.0	0.0	0.0	0.0	0.0	0.0	0.0	0.0	0.0	0.0	2.0	0.0	0.0	0.0	0.0	0.0	0.0	0.0	1.0	4.0	0.0	1.0	1.0	0.0	0.0
SA570489	0.0	0.0	0.0	0.0	0.0	0.0	0.0	0.0	0.0	0.0	0.0	0.0	0.0	0.0	0.0	0.0	0.0	2.0	2.0	0.0	1.0	0.0	2.0	1.0	0.0	3.0	0.0	0.0	1.0	3.0	3.0	3.0
SA570491	0.0	0.0	0.0	0.0	0.0	0.0	0.0	0.0	0.0	0.0	0.0	0.0	0.0	0.0	0.0	0.0	0.0	0.0	1.0	1.0	0.0	0.0	0.0	0.0	0.0	1.0	0.0	0.0	0.0	0.0	0.0	0.0
SA570493	0.0	0.0	0.0	0.0	0.0	0.0	0.0	0.0	0.0	0.0	0.0	0.0	0.0	0.0	0.0	0.0	8.0	11.0	4.0	3.0	10.0	1.0	4.0	3.0	3.0	7.0	4.0	14.0	7.0	12.0	9.0	25.0
SA570495	0.0	0.0	0.0	0.0	0.0	0.0	0.0	0.0	0.0	0.0	0.0	0.0	0.0	0.0	0.0	0.0	4.0	10.0	5.0	1.0	3.0	1.0	1.0	2.0	2.0	0.0	3.0	1.0	4.0	2.0	3.0	9.0
SA570497	0.0	0.0	0.0	0.0	0.0	0.0	0.0	0.0	0.0	0.0	0.0	0.0	0.0	0.0	0.0	0.0	0.0	0.0	0.0	0.0	0.0	0.0	0.0	0.0	0.0	1.0	1.0	1.0	0.0	1.0	0.0	4.0
SA570499	0.0	0.0	0.0	0.0	0.0	0.0	0.0	0.0	0.0	0.0	0.0	0.0	0.0	0.0	0.0	0.0	1.0	3.0	2.0	21.0	2.0	0.0	13.0	0.0	0.0	1.0	0.0	1.0	5.0	6.0	1.0	22.0
SA570501	0.0	0.0	0.0	0.0	0.0	0.0	0.0	0.0	0.0	0.0	0.0	0.0	0.0	0.0	0.0	0.0	4.0	4.0	1.0	2.0	0.0	0.0	4.0	0.0	2.0	4.0	1.0	2.0	3.0	2.0	1.0	10.0
SA570503	0.0	0.0	0.0	0.0	0.0	0.0	0.0	0.0	0.0	0.0	0.0	0.0	0.0	0.0	0.0	0.0	0.0	0.0	0.0	0.0	0.0	0.0	0.0	0.0	0.0	0.0	0.0	0.0	0.0	0.0	0.0	2.0
SA570505	0.0	0.0	0.0	0.0	0.0	0.0	0.0	0.0	0.0	0.0	0.0	0.0	0.0	0.0	0.0	0.0	0.0	0.0	0.0	0.0	0.0	1.0	0.0	0.0	0.0	0.0	0.0	0.0	0.0	0.0	0.0	1.0
SA570507	0.0	0.0	0.0	0.0	0.0	0.0	0.0	0.0	0.0	0.0	0.0	0.0	0.0	0.0	0.0	0.0	1.0	0.0	0.0	0.0	1.0	0.0	0.0	0.0	0.0	0.0	0.0	0.0	4.0	4.0	2.0	8.0
SA570509	0.0	0.0	0.0	0.0	0.0	0.0	0.0	0.0	0.0	0.0	0.0	0.0	0.0	0.0	0.0	0.0	2.0	9.0	2.0	0.0	1.0	0.0	3.0	0.0	0.0	1.0	1.0	0.0	2.0	2.0	0.0	10.0
SA570511	15.0	23.0	12.0	1.0	2.0	0.0	5.0	4.0	3.0	9.0	3.0	4.0	15.0	47.0	14.0	78.0	3.0	11.0	6.0	2.0	1.0	0.0	3.0	1.0	1.0	0.0	1.0	3.0	5.0	11.0	7.0	28.0
SA570513	0.0	0.0	0.0	0.0	0.0	0.0	0.0	0.0	0.0	0.0	0.0	0.0	0.0	0.0	0.0	0.0	2.0	1.0	1.0	0.0	0.0	0.0	0.0	0.0	0.0	5.0	2.0	0.0	0.0	0.0	0.0	8.0
SA570515	0.0	0.0	0.0	0.0	0.0	0.0	0.0	0.0	0.0	0.0	0.0	0.0	0.0	0.0	0.0	0.0	0.0	0.0	0.0	1.0	0.0	0.0	0.0	0.0	0.0	0.0	0.0	0.0	0.0	0.0	0.0	1.0
SA570517	0.0	0.0	1.0	0.0	0.0	0.0	0.0	0.0	0.0	0.0	0.0	0.0	0.0	0.0	0.0	8.0	7.0	9.0	8.0	1.0	0.0	0.0	2.0	0.0	1.0	1.0	6.0	0.0	3.0	5.0	1.0	18.0
SA570519	0.0	0.0	0.0	0.0	0.0	0.0	0.0	0.0	0.0	0.0	0.0	0.0	0.0	0.0	0.0	0.0	1.0	4.0	1.0	0.0	0.0	0.0	6.0	0.0	0.0	1.0	0.0	1.0	1.0	0.0	0.0	6.0
SA570521	0.0	0.0	0.0	0.0	0.0	0.0	0.0	0.0	0.0	0.0	0.0	0.0	0.0	0.0	0.0	0.0	2.0	0.0	0.0	0.0	0.0	0.0	0.0	0.0	0.0	0.0	0.0	0.0	0.0	0.0	0.0	0.0
SA570523	0.0	0.0	0.0	0.0	0.0	0.0	0.0	0.0	0.0	0.0	0.0	0.0	0.0	0.0	0.0	0.0	0.0	1.0	0.0	0.0	0.0	0.0	0.0	0.0	0.0	0.0	0.0	0.0	0.0	0.0	0.0	1.0
SA570525	0.0	0.0	0.0	0.0	0.0	0.0	0.0	0.0	0.0	0.0	0.0	0.0	0.0	0.0	0.0	0.0	0.0	0.0	0.0	3.0	0.0	0.0	0.0	4.0	1.0	4.0	2.0	1.0	2.0	1.0	0.0	3.0
SA570527	0.0	0.0	0.0	0.0	0.0	0.0	0.0	0.0	0.0	0.0	0.0	0.0	0.0	0.0	0.0	0.0	0.0	2.0	0.0	0.0	0.0	1.0	0.0	0.0	0.0	0.0	0.0	0.0	0.0	3.0	0.0	5.0
SA570529	0.0	0.0	0.0	0.0	0.0	0.0	0.0	0.0	0.0	0.0	0.0	0.0	0.0	0.0	0.0	0.0	1.0	2.0	1.0	0.0	0.0	0.0	1.0	0.0	0.0	0.0	0.0	0.0	1.0	2.0	1.0	4.0
SA570531	0.0	0.0	1.0	1.0	6.0	0.0	0.0	2.0	0.0	1.0	2.0	0.0	0.0	2.0	0.0	4.0	21.0	38.0	16.0	8.0	11.0	1.0	7.0	6.0	3.0	6.0	14.0	16.0	12.0	17.0	9.0	44.0
SA570533	0.0	0.0	0.0	0.0	0.0	0.0	0.0	0.0	0.0	0.0	0.0	0.0	0.0	0.0	0.0	0.0	8.0	20.0	3.0	3.0	4.0	1.0	2.0	2.0	2.0	9.0	5.0	1.0	2.0	9.0	4.0	10.0
SA570535	0.0	0.0	0.0	0.0	0.0	0.0	0.0	0.0	3.0	0.0	0.0	1.0	0.0	0.0	0.0	2.0	2.0	5.0	11.0	46.0	5.0	70.0	19.0	1.0	51.0	11.0	2.0	35.0	4.0	24.0	4.0	71.0
SA570537	0.0	0.0	0.0	0.0	0.0	0.0	0.0	0.0	0.0	0.0	0.0	0.0	0.0	0.0	0.0	0.0	5.0	11.0	8.0	39.0	9.0	104.0	20.0	6.0	37.0	9.0	3.0	5.0	8.0	8.0	5.0	67.0
SA570539	4.0	3.0	2.0	0.0	1.0	0.0	0.0	0.0	0.0	0.0	2.0	2.0	3.0	3.0	2.0	13.0	15.0	15.0	9.0	7.0	6.0	1.0	2.0	2.0	2.0	1.0	8.0	16.0	7.0	9.0	6.0	40.0
SA570543	0.0	1.0	0.0	0.0	0.0	1.0	0.0	0.0	0.0	0.0	0.0	0.0	0.0	0.0	0.0	7.0	0.0	6.0	2.0	1.0	0.0	0.0	1.0	1.0	0.0	1.0	1.0	3.0	2.0	2.0	2.0	8.0
SA570545	0.0	0.0	0.0	0.0	0.0	0.0	0.0	0.0	0.0	0.0	0.0	0.0	0.0	0.0	0.0	0.0	1.0	2.0	2.0	17.0	6.0	108.0	6.0	6.0	201.0	3.0	4.0	30.0	7.0	3.0	5.0	72.0
SA570547	2.0	2.0	1.0	0.0	1.0	0.0	2.0	6.0	4.0	3.0	16.0	8.0	9.0	5.0	9.0	11.0	10.0	30.0	22.0	5.0	4.0	3.0	4.0	2.0	1.0	4.0	5.0	3.0	17.0	35.0	17.0	35.0
SA570549	0.0	0.0	0.0	0.0	0.0	0.0	0.0	0.0	0.0	0.0	0.0	0.0	0.0	0.0	0.0	0.0	4.0	5.0	0.0	20.0	7.0	0.0	3.0	3.0	1.0	2.0	0.0	4.0	1.0	1.0	1.0	9.0
SA570551	0.0	0.0	0.0	0.0	0.0	0.0	0.0	0.0	0.0	0.0	0.0	0.0	0.0	0.0	0.0	0.0	4.0	2.0	2.0	1.0	1.0	1.0	2.0	3.0	0.0	1.0	0.0	0.0	0.0	1.0	1.0	14.0
SA570553	0.0	0.0	0.0	0.0	0.0	0.0	0.0	0.0	0.0	0.0	0.0	0.0	0.0	0.0	0.0	0.0	5.0	1.0	4.0	17.0	2.0	15.0	23.0	1.0	21.0	3.0	1.0	3.0	3.0	8.0	3.0	44.0
SA570555	3.0	3.0	1.0	0.0	0.0	0.0	0.0	0.0	1.0	2.0	4.0	1.0	0.0	1.0	0.0	14.0	3.0	17.0	6.0	1.0	5.0	0.0	1.0	3.0	1.0	7.0	6.0	2.0	10.0	10.0	7.0	20.0
SA570557	1.0	0.0	2.0	1.0	0.0	0.0	0.0	0.0	0.0	2.0	2.0	1.0	0.0	1.0	0.0	12.0	14.0	23.0	9.0	1.0	4.0	0.0	1.0	3.0	1.0	2.0	4.0	2.0	4.0	9.0	3.0	56.0
SA570559	0.0	0.0	0.0	0.0	0.0	0.0	0.0	0.0	0.0	0.0	0.0	0.0	0.0	0.0	0.0	0.0	1.0	5.0	1.0	27.0	11.0	1.0	27.0	3.0	3.0	2.0	0.0	7.0	4.0	5.0	3.0	32.0
SA570561	0.0	0.0	0.0	0.0	0.0	0.0	0.0	0.0	0.0	0.0	0.0	0.0	0.0	0.0	0.0	0.0	2.0	4.0	0.0	0.0	0.0	1.0	1.0	0.0	4.0	1.0	0.0	4.0	6.0	7.0	4.0	6.0
SA570563	0.0	0.0	0.0	0.0	0.0	0.0	0.0	0.0	0.0	0.0	0.0	0.0	0.0	0.0	0.0	0.0	6.0	8.0	5.0	2.0	2.0	0.0	0.0	2.0	0.0	3.0	6.0	4.0	1.0	3.0	0.0	7.0
SA570565	0.0	0.0	0.0	0.0	0.0	0.0	0.0	0.0	0.0	0.0	0.0	0.0	0.0	0.0	0.0	0.0	6.0	16.0	7.0	25.0	13.0	49.0	15.0	13.0	21.0	4.0	4.0	19.0	2.0	10.0	3.0	53.0
SA570567	11.0	27.0	12.0	1.0	5.0	1.0	1.0	2.0	2.0	2.0	10.0	4.0	2.0	3.0	1.0	55.0	10.0	20.0	15.0	2.0	3.0	1.0	2.0	5.0	3.0	2.0	9.0	2.0	6.0	22.0	6.0	24.0
SA570569	0.0	0.0	0.0	0.0	0.0	0.0	0.0	0.0	0.0	0.0	0.0	0.0	0.0	0.0	0.0	0.0	0.0	2.0	2.0	12.0	1.0	50.0	4.0	1.0	31.0	0.0	0.0	3.0	1.0	3.0	2.0	19.0
SA570571	1.0	4.0	1.0	0.0	0.0	0.0	0.0	0.0	0.0	0.0	0.0	0.0	1.0	2.0	0.0	0.0	5.0	9.0	0.0	40.0	4.0	1.0	18.0	0.0	1.0	3.0	4.0	0.0	7.0	17.0	10.0	20.0
SA570573	0.0	0.0	0.0	0.0	0.0	0.0	0.0	0.0	0.0	0.0	0.0	0.0	0.0	0.0	0.0	0.0	1.0	1.0	12.0	12.0	1.0	0.0	21.0	4.0	6.0	7.0	0.0	12.0	1.0	3.0	0.0	3.0
SA570575	0.0	0.0	0.0	0.0	0.0	0.0	0.0	0.0	0.0	0.0	0.0	0.0	0.0	0.0	0.0	0.0	7.0	8.0	2.0	4.0	8.0	0.0	2.0	2.0	0.0	5.0	5.0	1.0	9.0	9.0	4.0	11.0
SA570577	1.0	2.0	4.0	0.0	1.0	1.0	0.0	2.0	0.0	0.0	3.0	2.0	6.0	6.0	4.0	0.0	2.0	14.0	0.0	4.0	1.0	1.0	2.0	1.0	0.0	0.0	4.0	0.0	5.0	5.0	3.0	0.0
SA570579	0.0	0.0	0.0	0.0	0.0	0.0	0.0	0.0	0.0	0.0	0.0	0.0	0.0	0.0	0.0	0.0	2.0	2.0	2.0	18.0	6.0	66.0	7.0	2.0	15.0	6.0	6.0	16.0	5.0	7.0	0.0	61.0
SA570581	0.0	0.0	0.0	0.0	0.0	0.0	0.0	0.0	0.0	0.0	0.0	0.0	0.0	0.0	0.0	0.0	4.0	8.0	16.0	21.0	7.0	24.0	24.0	6.0	25.0	3.0	4.0	10.0	6.0	9.0	3.0	45.0
SA570583	0.0	0.0	0.0	0.0	0.0	0.0	0.0	0.0	0.0	0.0	0.0	0.0	0.0	0.0	0.0	0.0	0.0	0.0	0.0	3.0	0.0	0.0	2.0	0.0	2.0	0.0	0.0	1.0	1.0	0.0	0.0	0.0
SA570585	3.0	3.0	3.0	1.0	0.0	0.0	1.0	0.0	0.0	1.0	2.0	1.0	0.0	2.0	0.0	3.0	10.0	18.0	3.0	8.0	5.0	1.0	8.0	7.0	3.0	15.0	6.0	6.0	7.0	12.0	8.0	37.0
SA570587	0.0	0.0	0.0	0.0	0.0	0.0	0.0	0.0	0.0	0.0	0.0	0.0	0.0	0.0	0.0	0.0	3.0	3.0	11.0	19.0	15.0	58.0	21.0	17.0	24.0	0.0	4.0	22.0	4.0	4.0	1.0	59.0
SA570589	0.0	2.0	1.0	0.0	0.0	1.0	0.0	1.0	0.0	0.0	0.0	0.0	2.0	2.0	1.0	0.0	5.0	6.0	2.0	8.0	5.0	74.0	9.0	3.0	49.0	7.0	0.0	4.0	8.0	15.0	4.0	46.0
SA570591	0.0	0.0	0.0	0.0	0.0	0.0	0.0	0.0	0.0	0.0	0.0	0.0	0.0	0.0	0.0	0.0	1.0	3.0	2.0	2.0	1.0	2.0	0.0	1.0	0.0	0.0	0.0	2.0	1.0	0.0	1.0	5.0
SA570593	0.0	0.0	0.0	0.0	0.0	0.0	0.0	0.0	0.0	0.0	0.0	0.0	0.0	0.0	0.0	0.0	1.0	0.0	0.0	0.0	0.0	0.0	1.0	0.0	0.0	0.0	0.0	0.0	0.0	3.0	2.0	21.0
SA570595	0.0	0.0	0.0	0.0	0.0	0.0	0.0	0.0	0.0	0.0	0.0	0.0	0.0	0.0	0.0	0.0	5.0	5.0	7.0	47.0	9.0	71.0	22.0	12.0	26.0	10.0	3.0	19.0	5.0	13.0	2.0	70.0
SA570597	0.0	0.0	0.0	0.0	0.0	0.0	0.0	0.0	0.0	0.0	0.0	0.0	0.0	0.0	0.0	0.0	5.0	0.0	22.0	13.0	4.0	56.0	6.0	3.0	35.0	3.0	1.0	15.0	2.0	1.0	3.0	30.0
SA570599	0.0	0.0	0.0	0.0	0.0	0.0	0.0	0.0	0.0	0.0	0.0	0.0	0.0	0.0	0.0	0.0	3.0	0.0	19.0	8.0	4.0	51.0	7.0	1.0	62.0	2.0	0.0	11.0	5.0	2.0	5.0	40.0
SA570601	0.0	0.0	0.0	0.0	0.0	0.0	0.0	0.0	0.0	0.0	0.0	0.0	0.0	0.0	0.0	0.0	0.0	0.0	0.0	0.0	0.0	0.0	2.0	1.0	1.0	2.0	1.0	1.0	0.0	1.0	0.0	0.0
SA570603	0.0	0.0	0.0	0.0	0.0	0.0	0.0	0.0	0.0	0.0	0.0	0.0	0.0	0.0	0.0	0.0	1.0	3.0	1.0	21.0	7.0	52.0	7.0	1.0	25.0	7.0	0.0	5.0	10.0	16.0	9.0	31.0
SA570605	0.0	0.0	0.0	0.0	0.0	0.0	0.0	0.0	0.0	0.0	0.0	0.0	0.0	0.0	0.0	0.0	0.0	3.0	1.0	17.0	3.0	5.0	24.0	2.0	3.0	6.0	4.0	4.0	2.0	6.0	0.0	33.0
SA570607	0.0	0.0	0.0	0.0	0.0	0.0	0.0	0.0	0.0	0.0	0.0	0.0	0.0	0.0	0.0	0.0	1.0	0.0	0.0	0.0	0.0	0.0	3.0	0.0	2.0	1.0	0.0	0.0	0.0	0.0	0.0	1.0
SA570609	8.0	10.0	7.0	0.0	2.0	0.0	4.0	2.0	2.0	2.0	3.0	1.0	1.0	1.0	2.0	4.0	10.0	16.0	7.0	9.0	10.0	5.0	7.0	4.0	13.0	5.0	14.0	16.0	6.0	16.0	5.0	34.0
SA570611	0.0	0.0	0.0	0.0	0.0	0.0	0.0	0.0	0.0	0.0	0.0	0.0	0.0	0.0	0.0	0.0	0.0	0.0	1.0	16.0	1.0	1.0	6.0	1.0	1.0	1.0	2.0	2.0	2.0	3.0	2.0	17.0
SA570613	0.0	0.0	0.0	0.0	0.0	0.0	0.0	0.0	0.0	0.0	0.0	0.0	0.0	0.0	0.0	0.0	0.0	5.0	6.0	50.0	9.0	2.0	48.0	2.0	1.0	9.0	0.0	0.0	12.0	15.0	7.0	59.0
SA570615	0.0	0.0	0.0	0.0	0.0	0.0	0.0	0.0	0.0	0.0	0.0	0.0	0.0	0.0	0.0	0.0	1.0	0.0	0.0	0.0	0.0	0.0	0.0	0.0	0.0	0.0	0.0	0.0	0.0	0.0	0.0	1.0
SA570617	0.0	0.0	0.0	0.0	0.0	0.0	0.0	0.0	0.0	0.0	0.0	0.0	0.0	0.0	0.0	0.0	2.0	9.0	2.0	3.0	1.0	1.0	1.0	1.0	1.0	1.0	2.0	3.0	2.0	6.0	2.0	14.0
SA570619	0.0	0.0	0.0	0.0	0.0	0.0	0.0	0.0	0.0	0.0	0.0	0.0	0.0	0.0	0.0	0.0	0.0	0.0	1.0	2.0	0.0	0.0	2.0	0.0	0.0	1.0	0.0	7.0	0.0	0.0	0.0	1.0
SA570621	0.0	0.0	0.0	0.0	0.0	0.0	0.0	2.0	0.0	0.0	0.0	0.0	0.0	0.0	0.0	6.0	9.0	20.0	4.0	8.0	6.0	3.0	5.0	0.0	4.0	6.0	2.0	2.0	8.0	24.0	11.0	22.0
SA570623	0.0	0.0	0.0	0.0	0.0	0.0	0.0	0.0	0.0	0.0	0.0	0.0	0.0	0.0	0.0	0.0	1.0	10.0	1.0	19.0	6.0	126.0	13.0	6.0	60.0	10.0	1.0	8.0	0.0	16.0	4.0	38.0
SA570625	0.0	4.0	1.0	7.0	4.0	0.0	0.0	1.0	3.0	3.0	7.0	6.0	0.0	1.0	1.0	24.0	1.0	4.0	5.0	1.0	4.0	1.0	4.0	5.0	2.0	7.0	3.0	3.0	3.0	10.0	4.0	12.0
SA570627	0.0	0.0	0.0	0.0	0.0	0.0	0.0	0.0	0.0	0.0	0.0	0.0	0.0	0.0	0.0	0.0	1.0	2.0	1.0	3.0	0.0	23.0	1.0	0.0	9.0	2.0	1.0	0.0	0.0	1.0	0.0	3.0
SA570629	0.0	0.0	0.0	0.0	1.0	0.0	0.0	1.0	0.0	1.0	0.0	0.0	0.0	0.0	0.0	3.0	9.0	4.0	16.0	25.0	19.0	83.0	13.0	11.0	48.0	16.0	10.0	23.0	6.0	11.0	2.0	87.0
SA570631	0.0	0.0	0.0	0.0	0.0	0.0	0.0	0.0	0.0	0.0	0.0	0.0	0.0	0.0	0.0	0.0	6.0	0.0	7.0	10.0	8.0	149.0	3.0	0.0	43.0	0.0	1.0	30.0	4.0	4.0	4.0	23.0
SA570633	0.0	0.0	0.0	0.0	0.0	0.0	0.0	0.0	0.0	0.0	0.0	0.0	0.0	0.0	0.0	0.0	0.0	0.0	0.0	0.0	0.0	0.0	0.0	0.0	0.0	3.0	0.0	0.0	0.0	0.0	0.0	2.0
SA570635	0.0	0.0	0.0	0.0	0.0	0.0	0.0	0.0	0.0	0.0	0.0	0.0	0.0	0.0	0.0	0.0	0.0	4.0	1.0	14.0	6.0	0.0	10.0	1.0	1.0	2.0	0.0	0.0	5.0	6.0	5.0	28.0
SA570637	0.0	0.0	0.0	0.0	0.0	0.0	0.0	0.0	0.0	0.0	0.0	0.0	0.0	0.0	0.0	0.0	3.0	17.0	5.0	4.0	6.0	1.0	2.0	3.0	1.0	4.0	8.0	3.0	5.0	8.0	2.0	32.0
SA570639	5.0	10.0	4.0	0.0	3.0	0.0	1.0	5.0	2.0	6.0	12.0	5.0	1.0	3.0	7.0	39.0	12.0	34.0	7.0	4.0	4.0	1.0	3.0	7.0	2.0	10.0	12.0	3.0	23.0	38.0	11.0	73.0
SA570641	0.0	0.0	0.0	0.0	0.0	0.0	0.0	0.0	0.0	0.0	0.0	0.0	0.0	0.0	0.0	0.0	1.0	3.0	2.0	1.0	2.0	4.0	3.0	2.0	7.0	3.0	0.0	17.0	1.0	0.0	1.0	15.0
SA570643	0.0	0.0	0.0	0.0	0.0	0.0	0.0	0.0	0.0	0.0	0.0	0.0	0.0	0.0	0.0	0.0	4.0	8.0	4.0	2.0	1.0	1.0	1.0	4.0	8.0	4.0	0.0	11.0	7.0	9.0	6.0	3.0
SA570645	2.0	5.0	5.0	2.0	0.0	1.0	0.0	1.0	1.0	5.0	5.0	0.0	2.0	4.0	2.0	32.0	8.0	9.0	6.0	28.0	9.0	2.0	13.0	5.0	6.0	7.0	5.0	2.0	8.0	8.0	7.0	45.0
SA570647	3.0	7.0	4.0	0.0	0.0	0.0	1.0	1.0	0.0	2.0	3.0	2.0	8.0	16.0	1.0	25.0	10.0	15.0	9.0	4.0	4.0	0.0	4.0	3.0	2.0	9.0	6.0	2.0	12.0	15.0	5.0	40.0
SA570649	0.0	0.0	0.0	0.0	0.0	0.0	0.0	0.0	0.0	0.0	0.0	0.0	0.0	0.0	0.0	0.0	2.0	5.0	2.0	5.0	3.0	4.0	3.0	3.0	7.0	11.0	1.0	9.0	1.0	1.0	0.0	6.0
SA570651	0.0	0.0	0.0	0.0	0.0	0.0	0.0	0.0	0.0	0.0	0.0	0.0	0.0	0.0	0.0	0.0	1.0	0.0	1.0	7.0	1.0	0.0	6.0	1.0	2.0	3.0	2.0	31.0	1.0	1.0	0.0	2.0
SA570653	1.0	1.0	0.0	0.0	0.0	0.0	0.0	2.0	0.0	1.0	1.0	1.0	0.0	0.0	0.0	0.0	5.0	9.0	10.0	0.0	3.0	3.0	1.0	5.0	1.0	8.0	4.0	4.0	2.0	4.0	6.0	38.0
SA570655	4.0	5.0	4.0	0.0	0.0	0.0	1.0	0.0	0.0	4.0	4.0	0.0	4.0	1.0	1.0	0.0	9.0	15.0	5.0	2.0	2.0	0.0	3.0	1.0	0.0	3.0	8.0	2.0	6.0	5.0	0.0	6.0
SA570657	0.0	0.0	0.0	0.0	0.0	0.0	0.0	0.0	0.0	0.0	0.0	0.0	0.0	0.0	0.0	0.0	5.0	10.0	5.0	5.0	14.0	1.0	0.0	4.0	0.0	7.0	4.0	2.0	3.0	9.0	5.0	26.0
SA570659	16.0	42.0	22.0	3.0	3.0	0.0	1.0	6.0	2.0	5.0	6.0	4.0	19.0	43.0	26.0	35.0	8.0	12.0	8.0	5.0	8.0	0.0	7.0	7.0	1.0	4.0	5.0	1.0	19.0	25.0	11.0	29.0
SA570661	0.0	0.0	0.0	0.0	0.0	0.0	0.0	0.0	0.0	0.0	0.0	0.0	0.0	0.0	0.0	0.0	1.0	0.0	0.0	0.0	0.0	0.0	2.0	1.0	2.0	1.0	0.0	0.0	0.0	0.0	0.0	5.0
SA570663	0.0	0.0	0.0	0.0	0.0	0.0	0.0	0.0	0.0	0.0	0.0	0.0	0.0	0.0	0.0	0.0	0.0	2.0	0.0	1.0	0.0	0.0	0.0	1.0	0.0	2.0	0.0	1.0	2.0	0.0	1.0	2.0
SA570665	0.0	0.0	0.0	0.0	0.0	0.0	0.0	0.0	0.0	0.0	0.0	0.0	0.0	0.0	0.0	0.0	3.0	6.0	5.0	1.0	0.0	1.0	2.0	1.0	0.0	3.0	3.0	0.0	4.0	4.0	1.0	9.0
SA570667	0.0	0.0	0.0	0.0	0.0	0.0	0.0	0.0	0.0	0.0	0.0	0.0	0.0	0.0	0.0	0.0	4.0	6.0	1.0	0.0	1.0	0.0	1.0	0.0	0.0	3.0	1.0	1.0	4.0	1.0	2.0	6.0
SA570669	0.0	0.0	0.0	0.0	0.0	0.0	0.0	0.0	0.0	0.0	0.0	0.0	0.0	0.0	0.0	0.0	0.0	0.0	1.0	0.0	0.0	0.0	0.0	0.0	0.0	1.0	0.0	0.0	1.0	0.0	0.0	2.0
SA570671	0.0	0.0	0.0	0.0	0.0	0.0	0.0	0.0	0.0	0.0	0.0	0.0	0.0	0.0	0.0	0.0	0.0	1.0	2.0	4.0	0.0	101.0	0.0	2.0	23.0	0.0	0.0	6.0	0.0	1.0	0.0	25.0
SA570673	0.0	0.0	0.0	0.0	0.0	0.0	0.0	0.0	0.0	0.0	0.0	0.0	0.0	0.0	0.0	0.0	2.0	1.0	0.0	12.0	0.0	19.0	9.0	0.0	9.0	4.0	1.0	3.0	2.0	6.0	4.0	19.0
SA570675	0.0	0.0	0.0	0.0	0.0	0.0	0.0	0.0	0.0	0.0	0.0	0.0	0.0	0.0	0.0	0.0	1.0	0.0	3.0	3.0	1.0	58.0	1.0	0.0	11.0	0.0	0.0	11.0	3.0	2.0	1.0	12.0
SA570677	0.0	0.0	0.0	0.0	1.0	0.0	1.0	1.0	0.0	1.0	1.0	0.0	0.0	1.0	2.0	0.0	4.0	9.0	2.0	0.0	0.0	0.0	0.0	0.0	0.0	3.0	0.0	1.0	6.0	13.0	2.0	2.0
SA570679	0.0	2.0	1.0	2.0	6.0	0.0	0.0	2.0	1.0	3.0	3.0	1.0	0.0	0.0	0.0	8.0	10.0	15.0	13.0	3.0	26.0	1.0	10.0	8.0	3.0	7.0	4.0	12.0	6.0	23.0	8.0	43.0
SA570681	3.0	2.0	1.0	0.0	0.0	0.0	0.0	1.0	0.0	5.0	3.0	2.0	8.0	10.0	5.0	1.0	2.0	5.0	4.0	10.0	6.0	2.0	1.0	5.0	5.0	6.0	8.0	6.0	8.0	14.0	5.0	15.0
SA570683	0.0	0.0	0.0	0.0	0.0	0.0	0.0	0.0	0.0	0.0	0.0	0.0	0.0	0.0	0.0	0.0	6.0	6.0	3.0	4.0	7.0	0.0	8.0	6.0	1.0	2.0	6.0	9.0	6.0	8.0	4.0	18.0
SA570685	0.0	0.0	0.0	0.0	0.0	0.0	0.0	0.0	0.0	0.0	0.0	0.0	0.0	0.0	0.0	0.0	4.0	9.0	8.0	2.0	0.0	1.0	0.0	1.0	1.0	3.0	0.0	3.0	3.0	10.0	4.0	12.0
SA570687	4.0	5.0	0.0	0.0	1.0	1.0	1.0	0.0	0.0	3.0	5.0	0.0	0.0	11.0	1.0	1.0	1.0	4.0	3.0	0.0	2.0	0.0	3.0	2.0	5.0	3.0	6.0	15.0	3.0	7.0	5.0	6.0
SA570689	0.0	0.0	0.0	0.0	0.0	0.0	0.0	0.0	0.0	0.0	0.0	0.0	0.0	0.0	0.0	0.0	10.0	2.0	3.0	7.0	8.0	3.0	22.0	4.0	19.0	34.0	8.0	44.0	2.0	2.0	1.0	31.0
SA570691	1.0	4.0	2.0	1.0	0.0	0.0	1.0	1.0	0.0	0.0	1.0	2.0	0.0	2.0	0.0	0.0	7.0	3.0	7.0	1.0	4.0	0.0	0.0	1.0	1.0	3.0	4.0	2.0	2.0	5.0	0.0	6.0
SA570693	3.0	7.0	3.0	1.0	4.0	0.0	0.0	4.0	2.0	0.0	4.0	2.0	1.0	4.0	3.0	36.0	10.0	22.0	5.0	3.0	9.0	0.0	1.0	4.0	1.0	7.0	11.0	2.0	10.0	16.0	11.0	61.0
SA570695	0.0	0.0	0.0	0.0	0.0	0.0	0.0	0.0	0.0	0.0	0.0	0.0	0.0	0.0	0.0	0.0	4.0	12.0	5.0	2.0	1.0	0.0	1.0	0.0	2.0	3.0	1.0	2.0	12.0	11.0	3.0	35.0
SA570697	0.0	0.0	0.0	0.0	0.0	0.0	0.0	0.0	0.0	0.0	0.0	0.0	0.0	0.0	0.0	0.0	4.0	14.0	5.0	3.0	4.0	0.0	0.0	4.0	1.0	1.0	5.0	6.0	6.0	6.0	7.0	13.0
SA570699	0.0	0.0	0.0	0.0	0.0	0.0	0.0	0.0	0.0	0.0	0.0	0.0	0.0	0.0	0.0	0.0	2.0	2.0	3.0	3.0	9.0	3.0	3.0	4.0	4.0	0.0	3.0	1.0	1.0	0.0	0.0	11.0
SA570701	3.0	7.0	3.0	3.0	1.0	0.0	1.0	1.0	0.0	4.0	2.0	0.0	2.0	4.0	3.0	58.0	25.0	30.0	22.0	1.0	7.0	0.0	2.0	5.0	1.0	12.0	8.0	8.0	16.0	36.0	22.0	147.0
SA570703	0.0	0.0	0.0	0.0	0.0	0.0	0.0	0.0	0.0	0.0	0.0	0.0	0.0	0.0	0.0	26.0	0.0	2.0	2.0	0.0	1.0	0.0	1.0	0.0	1.0	1.0	1.0	3.0	2.0	5.0	3.0	33.0
SA570705	0.0	0.0	0.0	0.0	0.0	0.0	0.0	0.0	0.0	0.0	0.0	0.0	0.0	0.0	0.0	0.0	4.0	6.0	9.0	6.0	13.0	119.0	3.0	2.0	118.0	7.0	1.0	56.0	6.0	14.0	4.0	92.0
SA570707	3.0	1.0	0.0	2.0	4.0	0.0	0.0	1.0	1.0	0.0	1.0	1.0	0.0	2.0	3.0	15.0	10.0	20.0	8.0	3.0	2.0	0.0	2.0	2.0	1.0	3.0	4.0	2.0	9.0	17.0	13.0	35.0
SA570709	16.0	16.0	9.0	0.0	1.0	0.0	4.0	2.0	3.0	12.0	4.0	6.0	5.0	8.0	9.0	10.0	33.0	46.0	19.0	13.0	27.0	2.0	4.0	5.0	5.0	15.0	11.0	21.0	17.0	50.0	21.0	57.0
SA570711	7.0	15.0	11.0	1.0	6.0	0.0	3.0	1.0	2.0	5.0	3.0	3.0	25.0	34.0	19.0	54.0	23.0	35.0	16.0	3.0	6.0	2.0	3.0	7.0	6.0	6.0	13.0	8.0	24.0	50.0	23.0	57.0
SA570713	5.0	11.0	4.0	0.0	0.0	0.0	2.0	3.0	0.0	1.0	2.0	1.0	3.0	9.0	5.0	13.0	4.0	10.0	8.0	2.0	2.0	0.0	10.0	2.0	0.0	5.0	6.0	2.0	7.0	11.0	4.0	14.0
SA570715	1.0	5.0	2.0	0.0	0.0	0.0	0.0	1.0	1.0	0.0	0.0	0.0	0.0	0.0	0.0	5.0	11.0	23.0	10.0	7.0	1.0	1.0	0.0	1.0	1.0	5.0	5.0	6.0	6.0	7.0	6.0	25.0
SA570717	6.0	18.0	10.0	1.0	1.0	2.0	1.0	1.0	2.0	4.0	10.0	4.0	1.0	2.0	4.0	11.0	20.0	60.0	17.0	42.0	10.0	3.0	11.0	16.0	7.0	11.0	6.0	10.0	22.0	41.0	19.0	78.0
SA570719	4.0	8.0	6.0	1.0	0.0	0.0	0.0	1.0	1.0	6.0	4.0	4.0	7.0	16.0	7.0	0.0	7.0	10.0	1.0	3.0	11.0	2.0	3.0	1.0	0.0	4.0	8.0	5.0	8.0	6.0	8.0	7.0
SA570721	5.0	13.0	2.0	1.0	3.0	0.0	1.0	2.0	0.0	1.0	6.0	5.0	0.0	1.0	0.0	44.0	3.0	5.0	15.0	0.0	3.0	2.0	0.0	2.0	1.0	3.0	4.0	14.0	2.0	8.0	0.0	8.0
SA570723	2.0	8.0	7.0	2.0	5.0	0.0	4.0	4.0	0.0	4.0	9.0	1.0	8.0	10.0	6.0	16.0	1.0	8.0	1.0	7.0	1.0	1.0	4.0	1.0	10.0	5.0	2.0	42.0	6.0	10.0	5.0	18.0
SA570725	0.0	0.0	0.0	0.0	0.0	0.0	0.0	0.0	0.0	0.0	0.0	0.0	0.0	0.0	0.0	0.0	12.0	22.0	6.0	3.0	6.0	2.0	4.0	2.0	2.0	4.0	5.0	13.0	5.0	13.0	10.0	27.0
SA570727	1.0	1.0	3.0	0.0	0.0	0.0	0.0	0.0	0.0	0.0	3.0	0.0	0.0	0.0	0.0	0.0	15.0	26.0	13.0	4.0	14.0	0.0	6.0	8.0	0.0	8.0	7.0	6.0	12.0	20.0	7.0	18.0
SA570729	2.0	9.0	1.0	0.0	0.0	0.0	1.0	0.0	0.0	1.0	0.0	0.0	0.0	1.0	0.0	0.0	8.0	12.0	9.0	3.0	0.0	1.0	0.0	1.0	1.0	2.0	3.0	3.0	6.0	13.0	5.0	3.0
SA570731	1.0	7.0	3.0	0.0	1.0	0.0	2.0	0.0	2.0	3.0	6.0	1.0	0.0	1.0	0.0	1.0	15.0	24.0	28.0	15.0	2.0	2.0	13.0	5.0	7.0	13.0	13.0	80.0	18.0	17.0	11.0	33.0
SA570733	0.0	1.0	0.0	0.0	2.0	0.0	1.0	1.0	1.0	0.0	1.0	1.0	0.0	0.0	0.0	5.0	15.0	21.0	9.0	1.0	5.0	3.0	3.0	6.0	1.0	5.0	4.0	3.0	4.0	11.0	9.0	59.0
SA570735	4.0	7.0	4.0	1.0	1.0	0.0	3.0	2.0	0.0	4.0	1.0	3.0	2.0	5.0	4.0	3.0	18.0	25.0	10.0	1.0	4.0	2.0	3.0	3.0	2.0	4.0	9.0	3.0	15.0	34.0	10.0	55.0
SA570737	4.0	10.0	3.0	3.0	2.0	0.0	1.0	0.0	1.0	3.0	9.0	3.0	0.0	1.0	0.0	20.0	10.0	16.0	16.0	3.0	3.0	0.0	2.0	2.0	1.0	4.0	8.0	1.0	9.0	15.0	14.0	14.0
SA570739	0.0	2.0	0.0	0.0	0.0	0.0	0.0	1.0	0.0	1.0	4.0	0.0	0.0	0.0	0.0	0.0	11.0	14.0	11.0	16.0	11.0	6.0	24.0	5.0	13.0	18.0	6.0	7.0	3.0	10.0	6.0	62.0
SA570741	0.0	7.0	1.0	0.0	3.0	0.0	1.0	4.0	2.0	5.0	6.0	3.0	0.0	1.0	0.0	5.0	23.0	33.0	13.0	6.0	3.0	2.0	4.0	11.0	1.0	12.0	10.0	4.0	24.0	42.0	21.0	62.0
SA570743	6.0	20.0	10.0	2.0	4.0	0.0	1.0	3.0	0.0	2.0	5.0	3.0	9.0	21.0	11.0	0.0	0.0	4.0	2.0	21.0	6.0	1.0	6.0	0.0	1.0	2.0	1.0	0.0	1.0	0.0	0.0	6.0
SA570745	0.0	2.0	0.0	1.0	0.0	0.0	1.0	0.0	0.0	0.0	1.0	0.0	1.0	7.0	1.0	0.0	10.0	18.0	10.0	1.0	7.0	0.0	1.0	3.0	2.0	8.0	5.0	4.0	12.0	20.0	12.0	35.0
SA570747	6.0	11.0	11.0	0.0	1.0	0.0	1.0	5.0	1.0	3.0	4.0	1.0	2.0	7.0	0.0	12.0	23.0	54.0	23.0	6.0	12.0	1.0	4.0	5.0	1.0	12.0	6.0	8.0	24.0	26.0	14.0	52.0
SA570749	0.0	0.0	0.0	0.0	0.0	0.0	0.0	0.0	0.0	0.0	0.0	0.0	0.0	0.0	0.0	0.0	2.0	5.0	3.0	4.0	0.0	1.0	0.0	1.0	0.0	3.0	4.0	2.0	2.0	3.0	2.0	8.0
SA570751	5.0	12.0	6.0	0.0	3.0	0.0	0.0	5.0	1.0	6.0	15.0	2.0	1.0	2.0	2.0	46.0	4.0	8.0	3.0	1.0	9.0	1.0	3.0	6.0	0.0	3.0	3.0	4.0	1.0	6.0	1.0	16.0
SA570753	5.0	3.0	1.0	3.0	6.0	0.0	4.0	4.0	1.0	2.0	5.0	4.0	2.0	6.0	7.0	85.0	25.0	39.0	17.0	5.0	11.0	0.0	6.0	3.0	3.0	14.0	10.0	10.0	16.0	38.0	14.0	129.0
SA570755	11.0	25.0	11.0	0.0	4.0	1.0	3.0	4.0	0.0	4.0	3.0	5.0	9.0	17.0	6.0	74.0	33.0	41.0	30.0	11.0	16.0	1.0	5.0	15.0	2.0	10.0	20.0	12.0	21.0	55.0	18.0	103.0
SA570757	0.0	0.0	0.0	0.0	0.0	0.0	0.0	0.0	0.0	0.0	0.0	0.0	0.0	0.0	0.0	0.0	2.0	4.0	1.0	3.0	3.0	0.0	0.0	0.0	0.0	2.0	2.0	2.0	0.0	4.0	0.0	16.0
SA570759	7.0	17.0	5.0	1.0	1.0	0.0	0.0	1.0	0.0	4.0	5.0	2.0	0.0	0.0	0.0	5.0	9.0	5.0	4.0	0.0	0.0	0.0	2.0	0.0	2.0	1.0	1.0	2.0	1.0	1.0	0.0	12.0
SA570761	0.0	0.0	0.0	0.0	0.0	0.0	0.0	0.0	0.0	1.0	0.0	1.0	1.0	0.0	0.0	4.0	4.0	14.0	5.0	13.0	14.0	2.0	14.0	7.0	10.0	15.0	5.0	32.0	11.0	14.0	3.0	28.0
SA570763	0.0	0.0	0.0	1.0	0.0	0.0	1.0	0.0	0.0	0.0	0.0	0.0	0.0	2.0	0.0	5.0	3.0	6.0	1.0	1.0	4.0	0.0	2.0	0.0	0.0	3.0	2.0	3.0	3.0	5.0	3.0	5.0
SA570765	1.0	6.0	1.0	3.0	6.0	1.0	4.0	4.0	3.0	3.0	6.0	1.0	1.0	3.0	3.0	57.0	16.0	27.0	14.0	4.0	11.0	1.0	2.0	6.0	3.0	7.0	5.0	6.0	14.0	23.0	12.0	45.0
SA570767	1.0	4.0	2.0	0.0	0.0	0.0	1.0	0.0	0.0	2.0	1.0	1.0	0.0	0.0	0.0	21.0	1.0	8.0	1.0	1.0	0.0	0.0	0.0	2.0	0.0	1.0	0.0	1.0	0.0	0.0	0.0	4.0
SA570769	0.0	0.0	0.0	0.0	0.0	0.0	0.0	0.0	0.0	0.0	0.0	0.0	0.0	0.0	0.0	0.0	5.0	12.0	6.0	5.0	4.0	0.0	6.0	2.0	1.0	0.0	4.0	7.0	0.0	5.0	1.0	15.0
SA570771	7.0	7.0	5.0	1.0	2.0	0.0	4.0	2.0	0.0	5.0	2.0	2.0	2.0	11.0	6.0	14.0	26.0	64.0	27.0	5.0	15.0	3.0	6.0	4.0	8.0	7.0	10.0	9.0	12.0	28.0	10.0	39.0
SA570773	0.0	0.0	0.0	0.0	0.0	0.0	0.0	0.0	0.0	0.0	0.0	0.0	0.0	0.0	0.0	0.0	12.0	15.0	4.0	6.0	7.0	0.0	8.0	2.0	6.0	13.0	7.0	14.0	0.0	5.0	6.0	34.0
SA570775	4.0	3.0	2.0	1.0	3.0	0.0	3.0	1.0	0.0	7.0	12.0	4.0	6.0	5.0	1.0	19.0	4.0	13.0	5.0	17.0	6.0	3.0	9.0	5.0	4.0	5.0	8.0	5.0	9.0	12.0	7.0	31.0
SA570777	22.0	31.0	30.0	0.0	6.0	0.0	4.0	9.0	1.0	7.0	13.0	6.0	3.0	12.0	9.0	39.0	16.0	27.0	15.0	10.0	13.0	2.0	3.0	11.0	3.0	8.0	10.0	2.0	19.0	30.0	23.0	68.0
SA570779	2.0	1.0	4.0	1.0	2.0	0.0	2.0	3.0	0.0	1.0	1.0	0.0	3.0	1.0	0.0	4.0	12.0	23.0	4.0	3.0	4.0	1.0	2.0	7.0	3.0	6.0	11.0	2.0	7.0	8.0	4.0	55.0
SA570781	1.0	4.0	1.0	0.0	1.0	0.0	0.0	0.0	0.0	1.0	4.0	0.0	0.0	0.0	0.0	15.0	1.0	1.0	0.0	2.0	0.0	1.0	0.0	1.0	0.0	1.0	3.0	1.0	0.0	2.0	2.0	2.0
SA570783	11.0	13.0	8.0	3.0	7.0	4.0	7.0	10.0	2.0	11.0	20.0	9.0	8.0	18.0	9.0	161.0	17.0	26.0	11.0	9.0	1.0	4.0	11.0	6.0	3.0	9.0	5.0	12.0	12.0	20.0	11.0	61.0
SA570785	0.0	0.0	0.0	0.0	3.0	0.0	0.0	0.0	0.0	0.0	0.0	3.0	0.0	2.0	1.0	12.0	4.0	15.0	13.0	2.0	4.0	0.0	0.0	2.0	2.0	2.0	6.0	26.0	12.0	12.0	7.0	26.0
SA570787	15.0	26.0	8.0	1.0	6.0	0.0	0.0	7.0	1.0	5.0	15.0	3.0	12.0	19.0	8.0	81.0	10.0	20.0	10.0	1.0	1.0	0.0	4.0	3.0	2.0	9.0	6.0	7.0	6.0	18.0	9.0	17.0
SA570789	25.0	35.0	12.0	4.0	7.0	1.0	1.0	9.0	4.0	12.0	12.0	3.0	14.0	26.0	23.0	79.0	13.0	13.0	8.0	6.0	8.0	1.0	15.0	6.0	3.0	6.0	5.0	5.0	2.0	16.0	4.0	32.0
SA570791	9.0	17.0	5.0	2.0	0.0	1.0	0.0	1.0	0.0	3.0	6.0	2.0	0.0	6.0	0.0	34.0	16.0	38.0	12.0	3.0	10.0	1.0	6.0	4.0	4.0	16.0	12.0	9.0	9.0	35.0	13.0	55.0
SA570793	0.0	3.0	4.0	0.0	0.0	1.0	1.0	0.0	1.0	0.0	0.0	0.0	3.0	1.0	1.0	2.0	5.0	22.0	5.0	5.0	4.0	0.0	4.0	6.0	0.0	4.0	4.0	3.0	10.0	11.0	4.0	13.0
SA570795	11.0	25.0	9.0	2.0	0.0	0.0	0.0	0.0	0.0	4.0	5.0	3.0	11.0	7.0	2.0	2.0	8.0	14.0	7.0	1.0	1.0	0.0	2.0	3.0	0.0	6.0	4.0	2.0	10.0	17.0	11.0	34.0
SA570797	2.0	4.0	1.0	0.0	0.0	0.0	0.0	2.0	1.0	2.0	3.0	3.0	5.0	5.0	0.0	42.0	18.0	44.0	14.0	8.0	6.0	1.0	5.0	4.0	3.0	11.0	5.0	2.0	19.0	37.0	16.0	75.0
SA570799	0.0	0.0	0.0	0.0	0.0	0.0	0.0	1.0	0.0	1.0	2.0	1.0	0.0	0.0	0.0	10.0	4.0	11.0	6.0	2.0	2.0	1.0	3.0	3.0	3.0	3.0	1.0	3.0	3.0	8.0	1.0	26.0
SA570801	0.0	0.0	0.0	0.0	0.0	0.0	0.0	0.0	0.0	0.0	0.0	0.0	0.0	0.0	0.0	0.0	4.0	13.0	6.0	2.0	4.0	1.0	3.0	2.0	1.0	4.0	5.0	2.0	11.0	22.0	9.0	5.0
SA570803	0.0	0.0	0.0	0.0	0.0	0.0	0.0	0.0	0.0	0.0	0.0	0.0	0.0	0.0	0.0	0.0	15.0	14.0	10.0	33.0	19.0	101.0	24.0	7.0	67.0	30.0	9.0	17.0	7.0	19.0	11.0	128.0
SA570805	0.0	0.0	0.0	0.0	0.0	0.0	0.0	0.0	0.0	0.0	0.0	0.0	0.0	0.0	0.0	0.0	0.0	1.0	0.0	1.0	1.0	0.0	0.0	0.0	0.0	0.0	1.0	0.0	3.0	1.0	0.0	6.0
SA570807	0.0	0.0	0.0	0.0	0.0	0.0	0.0	0.0	0.0	0.0	0.0	0.0	0.0	0.0	0.0	0.0	0.0	0.0	1.0	0.0	0.0	0.0	0.0	0.0	0.0	0.0	0.0	0.0	0.0	0.0	0.0	1.0
SA570809	0.0	0.0	0.0	0.0	0.0	0.0	0.0	0.0	0.0	0.0	0.0	0.0	0.0	0.0	0.0	0.0	1.0	8.0	3.0	3.0	1.0	2.0	0.0	0.0	0.0	6.0	3.0	1.0	7.0	13.0	8.0	8.0
SA570811	0.0	0.0	0.0	0.0	0.0	0.0	0.0	0.0	0.0	0.0	0.0	0.0	0.0	0.0	0.0	0.0	0.0	1.0	2.0	1.0	0.0	2.0	1.0	2.0	4.0	1.0	2.0	10.0	0.0	7.0	0.0	9.0
SA570813	0.0	0.0	0.0	0.0	0.0	0.0	0.0	0.0	0.0	0.0	0.0	0.0	0.0	0.0	0.0	0.0	0.0	1.0	0.0	0.0	0.0	0.0	0.0	0.0	0.0	1.0	0.0	0.0	2.0	0.0	0.0	9.0
SA570815	1.0	4.0	0.0	0.0	3.0	0.0	0.0	0.0	0.0	2.0	2.0	1.0	0.0	0.0	0.0	0.0	4.0	7.0	3.0	0.0	0.0	0.0	0.0	0.0	0.0	1.0	0.0	0.0	0.0	0.0	0.0	1.0
SA570817	0.0	0.0	0.0	0.0	0.0	0.0	0.0	0.0	0.0	0.0	0.0	0.0	0.0	0.0	0.0	0.0	0.0	0.0	0.0	0.0	0.0	0.0	0.0	0.0	0.0	0.0	0.0	0.0	1.0	0.0	0.0	2.0
SA570819	0.0	0.0	0.0	0.0	0.0	0.0	0.0	0.0	0.0	0.0	0.0	0.0	0.0	0.0	0.0	0.0	1.0	2.0	1.0	0.0	0.0	0.0	0.0	0.0	0.0	0.0	0.0	0.0	0.0	0.0	0.0	4.0
SA570821	0.0	0.0	0.0	0.0	0.0	0.0	0.0	0.0	0.0	0.0	0.0	0.0	0.0	0.0	0.0	0.0	2.0	5.0	3.0	21.0	11.0	0.0	31.0	8.0	7.0	18.0	8.0	27.0	2.0	12.0	3.0	23.0
